location,time,ppi_tot_int_stage,date
JPN,1960-01,46.11425,Jan 1960
JPN,1960-02,46.01798,Feb 1960
JPN,1960-03,46.01798,Mar 1960
JPN,1960-04,45.92171,Apr 1960
JPN,1960-05,45.53662,May 1960
JPN,1960-06,45.24781,Jun 1960
JPN,1960-07,45.05526,Jul 1960
JPN,1960-08,44.95899,Aug 1960
JPN,1960-09,45.24781,Sep 1960
JPN,1960-10,44.95899,Oct 1960
JPN,1960-11,44.86272,Nov 1960
JPN,1960-12,44.76645,Dec 1960
JPN,1961-01,44.86272,Jan 1961
JPN,1961-02,44.95899,Feb 1961
JPN,1961-03,45.34408,Mar 1961
JPN,1961-04,45.92171,Apr 1961
JPN,1961-05,45.92171,May 1961
JPN,1961-06,45.82544,Jun 1961
JPN,1961-07,45.82544,Jul 1961
JPN,1961-08,46.3068,Aug 1961
JPN,1961-09,46.3068,Sep 1961
JPN,1961-10,45.92171,Oct 1961
JPN,1961-11,45.34408,Nov 1961
JPN,1961-12,44.95899,Dec 1961
JPN,1962-01,44.95899,Jan 1962
JPN,1962-02,44.95899,Feb 1962
JPN,1962-03,44.86272,Mar 1962
JPN,1962-04,44.76645,Apr 1962
JPN,1962-05,44.47763,May 1962
JPN,1962-06,44.18882,Jun 1962
JPN,1962-07,43.99627,Jul 1962
JPN,1962-08,43.9,Aug 1962
JPN,1962-09,43.9,Sep 1962
JPN,1962-10,43.80373,Oct 1962
JPN,1962-11,43.80373,Nov 1962
JPN,1962-12,43.80373,Dec 1962
JPN,1963-01,44.18882,Jan 1963
JPN,1963-02,44.28509,Feb 1963
JPN,1963-03,44.47763,Mar 1963
JPN,1963-04,44.47763,Apr 1963
JPN,1963-05,44.47763,May 1963
JPN,1963-06,44.76645,Jun 1963
JPN,1963-07,44.47763,Jul 1963
JPN,1963-08,44.47763,Aug 1963
JPN,1963-09,44.47763,Sep 1963
JPN,1963-10,44.76645,Oct 1963
JPN,1963-11,44.86272,Nov 1963
JPN,1963-12,44.76645,Dec 1963
JPN,1964-01,44.76645,Jan 1964
JPN,1964-02,44.76645,Feb 1964
JPN,1964-03,44.67017,Mar 1964
JPN,1964-04,44.47763,Apr 1964
JPN,1964-05,44.47763,May 1964
JPN,1964-06,44.28509,Jun 1964
JPN,1964-07,44.47763,Jul 1964
JPN,1964-08,44.47763,Aug 1964
JPN,1964-09,44.47763,Sep 1964
JPN,1964-10,44.67017,Oct 1964
JPN,1964-11,44.67017,Nov 1964
JPN,1964-12,44.47763,Dec 1964
JPN,1965-01,44.86272,Jan 1965
JPN,1965-02,44.76645,Feb 1965
JPN,1965-03,44.67017,Mar 1965
JPN,1965-04,44.67017,Apr 1965
JPN,1965-05,44.47763,May 1965
JPN,1965-06,44.28509,Jun 1965
JPN,1965-07,43.99627,Jul 1965
JPN,1965-08,43.99627,Aug 1965
JPN,1965-09,44.18882,Sep 1965
JPN,1965-10,44.18882,Oct 1965
JPN,1965-11,44.18882,Nov 1965
JPN,1965-12,44.38136,Dec 1965
JPN,1966-01,44.76645,Jan 1966
JPN,1966-02,44.95899,Feb 1966
JPN,1966-03,45.05526,Mar 1966
JPN,1966-04,45.24781,Apr 1966
JPN,1966-05,45.53662,May 1966
JPN,1966-06,45.92171,Jun 1966
JPN,1966-07,46.01798,Jul 1966
JPN,1966-08,46.11425,Aug 1966
JPN,1966-09,45.92171,Sep 1966
JPN,1966-10,46.01798,Oct 1966
JPN,1966-11,46.3068,Nov 1966
JPN,1966-12,46.3068,Dec 1966
JPN,1967-01,46.69189,Jan 1967
JPN,1967-02,46.59562,Feb 1967
JPN,1967-03,46.40307,Mar 1967
JPN,1967-04,46.11425,Apr 1967
JPN,1967-05,46.11425,May 1967
JPN,1967-06,46.3068,Jun 1967
JPN,1967-07,46.3068,Jul 1967
JPN,1967-08,46.3068,Aug 1967
JPN,1967-09,46.3068,Sep 1967
JPN,1967-10,46.40307,Oct 1967
JPN,1967-11,46.49934,Nov 1967
JPN,1967-12,46.49934,Dec 1967
JPN,1968-01,46.40307,Jan 1968
JPN,1968-02,46.40307,Feb 1968
JPN,1968-03,46.40307,Mar 1968
JPN,1968-04,46.01798,Apr 1968
JPN,1968-05,45.53662,May 1968
JPN,1968-06,45.82544,Jun 1968
JPN,1968-07,45.53662,Jul 1968
JPN,1968-08,45.53662,Aug 1968
JPN,1968-09,45.82544,Sep 1968
JPN,1968-10,45.92171,Oct 1968
JPN,1968-11,45.92171,Nov 1968
JPN,1968-12,45.92171,Dec 1968
JPN,1969-01,46.01798,Jan 1969
JPN,1969-02,45.92171,Feb 1969
JPN,1969-03,46.01798,Mar 1969
JPN,1969-04,46.3068,Apr 1969
JPN,1969-05,46.49934,May 1969
JPN,1969-06,46.59562,Jun 1969
JPN,1969-07,46.59562,Jul 1969
JPN,1969-08,46.88443,Aug 1969
JPN,1969-09,47.26952,Sep 1969
JPN,1969-10,47.65461,Oct 1969
JPN,1969-11,47.75088,Nov 1969
JPN,1969-12,48.13596,Dec 1969
JPN,1970-01,48.61732,Jan 1970
JPN,1970-02,49.00241,Feb 1970
JPN,1970-03,49.19496,Mar 1970
JPN,1970-04,49.58004,Apr 1970
JPN,1970-05,49.48377,May 1970
JPN,1970-06,49.19496,Jun 1970
JPN,1970-07,49.09868,Jul 1970
JPN,1970-08,49.00241,Aug 1970
JPN,1970-09,48.7136,Sep 1970
JPN,1970-10,48.52105,Oct 1970
JPN,1970-11,48.32851,Nov 1970
JPN,1970-12,47.94342,Dec 1970
JPN,1971-01,47.84715,Jan 1971
JPN,1971-02,47.84715,Feb 1971
JPN,1971-03,47.75088,Mar 1971
JPN,1971-04,47.84715,Apr 1971
JPN,1971-05,47.84715,May 1971
JPN,1971-06,47.75088,Jun 1971
JPN,1971-07,47.75088,Jul 1971
JPN,1971-08,47.84715,Aug 1971
JPN,1971-09,47.65461,Sep 1971
JPN,1971-10,47.17324,Oct 1971
JPN,1971-11,47.07697,Nov 1971
JPN,1971-12,47.07697,Dec 1971
JPN,1972-01,47.17324,Jan 1972
JPN,1972-02,47.26952,Feb 1972
JPN,1972-03,47.26952,Mar 1972
JPN,1972-04,47.65461,Apr 1972
JPN,1972-05,47.65461,May 1972
JPN,1972-06,47.75088,Jun 1972
JPN,1972-07,47.84715,Jul 1972
JPN,1972-08,47.94342,Aug 1972
JPN,1972-09,48.42478,Sep 1972
JPN,1972-10,48.80987,Oct 1972
JPN,1972-11,50.15768,Nov 1972
JPN,1972-12,51.21667,Dec 1972
JPN,1973-01,52.37193,Jan 1973
JPN,1973-02,53.33465,Feb 1973
JPN,1973-03,54.39364,Mar 1973
JPN,1973-04,54.77873,Apr 1973
JPN,1973-05,55.26009,May 1973
JPN,1973-06,55.83772,Jun 1973
JPN,1973-07,57.18553,Jul 1973
JPN,1973-08,58.72588,Aug 1973
JPN,1973-09,60.45877,Sep 1973
JPN,1973-10,61.51777,Oct 1973
JPN,1973-11,63.63575,Nov 1973
JPN,1973-12,70.27851,Dec 1973
JPN,1974-01,73.84057,Jan 1974
JPN,1974-02,74.61075,Feb 1974
JPN,1974-03,75.0921,Mar 1974
JPN,1974-04,75.57346,Apr 1974
JPN,1974-05,75.57346,May 1974
JPN,1974-06,77.21009,Jun 1974
JPN,1974-07,77.59518,Jul 1974
JPN,1974-08,77.78772,Aug 1974
JPN,1974-09,77.59518,Sep 1974
JPN,1974-10,77.88399,Oct 1974
JPN,1974-11,78.07654,Nov 1974
JPN,1974-12,77.98026,Dec 1974
JPN,1975-01,78.17281,Jan 1975
JPN,1975-02,77.88399,Feb 1975
JPN,1975-03,77.69144,Mar 1975
JPN,1975-04,77.59518,Apr 1975
JPN,1975-05,77.59518,May 1975
JPN,1975-06,77.40263,Jun 1975
JPN,1975-07,77.40263,Jul 1975
JPN,1975-08,77.78772,Aug 1975
JPN,1975-09,77.98026,Sep 1975
JPN,1975-10,78.55789,Oct 1975
JPN,1975-11,78.55789,Nov 1975
JPN,1975-12,78.84671,Dec 1975
JPN,1976-01,79.52061,Jan 1976
JPN,1976-02,80.00198,Feb 1976
JPN,1976-03,80.86842,Mar 1976
JPN,1976-04,81.6386,Apr 1976
JPN,1976-05,81.83114,May 1976
JPN,1976-06,82.50504,Jun 1976
JPN,1976-07,83.56403,Jul 1976
JPN,1976-08,84.52676,Aug 1976
JPN,1976-09,85.3932,Sep 1976
JPN,1976-10,85.58575,Oct 1976
JPN,1976-11,85.68201,Nov 1976
JPN,1976-12,85.77829,Dec 1976
JPN,1977-01,85.68201,Jan 1977
JPN,1977-02,85.77829,Feb 1977
JPN,1977-03,85.97083,Mar 1977
JPN,1977-04,86.16338,Apr 1977
JPN,1977-05,86.16338,May 1977
JPN,1977-06,85.77829,Jun 1977
JPN,1977-07,85.48947,Jul 1977
JPN,1977-08,85.58575,Aug 1977
JPN,1977-09,85.3932,Sep 1977
JPN,1977-10,85.58575,Oct 1977
JPN,1977-11,85.00812,Nov 1977
JPN,1977-12,84.43048,Dec 1977
JPN,1978-01,84.43048,Jan 1978
JPN,1978-02,84.43048,Feb 1978
JPN,1978-03,84.43048,Mar 1978
JPN,1978-04,84.43048,Apr 1978
JPN,1978-05,84.23794,May 1978
JPN,1978-06,84.14167,Jun 1978
JPN,1978-07,83.46777,Jul 1978
JPN,1978-08,82.9864,Aug 1978
JPN,1978-09,82.60132,Sep 1978
JPN,1978-10,81.83114,Oct 1978
JPN,1978-11,81.73487,Nov 1978
JPN,1978-12,82.02368,Dec 1978
JPN,1979-01,82.69759,Jan 1979
JPN,1979-02,83.56403,Feb 1979
JPN,1979-03,84.43048,Mar 1979
JPN,1979-04,86.25965,Apr 1979
JPN,1979-05,87.51118,May 1979
JPN,1979-06,88.85899,Jun 1979
JPN,1979-07,91.5546,Jul 1979
JPN,1979-08,93.38377,Aug 1979
JPN,1979-09,94.92413,Sep 1979
JPN,1979-10,96.07938,Oct 1979
JPN,1979-11,96.56075,Nov 1979
JPN,1979-12,98.87127,Dec 1979
JPN,1980-01,102.7222,Jan 1980
JPN,1980-02,105.4178,Feb 1980
JPN,1980-03,107.8246,Mar 1980
JPN,1980-04,112.6382,Apr 1980
JPN,1980-05,113.1195,May 1980
JPN,1980-06,113.3121,Jun 1980
JPN,1980-07,113.7934,Jul 1980
JPN,1980-08,114.6599,Aug 1980
JPN,1980-09,114.5636,Sep 1980
JPN,1980-10,113.1195,Oct 1980
JPN,1980-11,113.0232,Nov 1980
JPN,1980-12,112.4456,Dec 1980
JPN,1981-01,111.868,Jan 1981
JPN,1981-02,110.9053,Feb 1981
JPN,1981-03,110.5202,Mar 1981
JPN,1981-04,110.9053,Apr 1981
JPN,1981-05,111.4829,May 1981
JPN,1981-06,111.6754,Jun 1981
JPN,1981-07,111.9643,Jul 1981
JPN,1981-08,112.4456,Aug 1981
JPN,1981-09,112.6382,Sep 1981
JPN,1981-10,112.2531,Oct 1981
JPN,1981-11,112.1568,Nov 1981
JPN,1981-12,112.0605,Dec 1981
JPN,1982-01,111.9643,Jan 1982
JPN,1982-02,112.0605,Feb 1982
JPN,1982-03,111.9643,Mar 1982
JPN,1982-04,112.0605,Apr 1982
JPN,1982-05,111.7717,May 1982
JPN,1982-06,111.5792,Jun 1982
JPN,1982-07,112.0605,Jul 1982
JPN,1982-08,112.5419,Aug 1982
JPN,1982-09,113.0232,Sep 1982
JPN,1982-10,112.5419,Oct 1982
JPN,1982-11,112.6382,Nov 1982
JPN,1982-12,112.2531,Dec 1982
JPN,1983-01,111.868,Jan 1983
JPN,1983-02,111.868,Feb 1983
JPN,1983-03,111.5792,Mar 1983
JPN,1983-04,110.4239,Apr 1983
JPN,1983-05,110.4239,May 1983
JPN,1983-06,110.5202,Jun 1983
JPN,1983-07,111.0015,Jul 1983
JPN,1983-08,110.1351,Aug 1983
JPN,1983-09,110.3276,Sep 1983
JPN,1983-10,109.75,Oct 1983
JPN,1983-11,109.9425,Nov 1983
JPN,1983-12,110.0388,Dec 1983
JPN,1984-01,110.1351,Jan 1984
JPN,1984-02,110.1351,Feb 1984
JPN,1984-03,110.1351,Mar 1984
JPN,1984-04,110.1351,Apr 1984
JPN,1984-05,110.1351,May 1984
JPN,1984-06,110.0388,Jun 1984
JPN,1984-07,110.4239,Jul 1984
JPN,1984-08,110.4239,Aug 1984
JPN,1984-09,110.4239,Sep 1984
JPN,1984-10,110.0388,Oct 1984
JPN,1984-11,110.0388,Nov 1984
JPN,1984-12,109.75,Dec 1984
JPN,1985-01,110.7127,Jan 1985
JPN,1985-02,110.6164,Feb 1985
JPN,1985-03,110.2314,Mar 1985
JPN,1985-04,109.9425,Apr 1985
JPN,1985-05,109.2686,May 1985
JPN,1985-06,108.4985,Jun 1985
JPN,1985-07,108.4985,Jul 1985
JPN,1985-08,108.2096,Aug 1985
JPN,1985-09,107.8246,Sep 1985
JPN,1985-10,106.3805,Oct 1985
JPN,1985-11,105.7066,Nov 1985
JPN,1985-12,105.514,Dec 1985
JPN,1986-01,105.2252,Jan 1986
JPN,1986-02,104.07,Feb 1986
JPN,1986-03,103.2998,Mar 1986
JPN,1986-04,101.8557,Apr 1986
JPN,1986-05,101.0855,May 1986
JPN,1986-06,99.83399,Jun 1986
JPN,1986-07,99.06381,Jul 1986
JPN,1986-08,98.38992,Aug 1986
JPN,1986-09,97.42719,Sep 1986
JPN,1986-10,95.88684,Oct 1986
JPN,1986-11,95.6943,Nov 1986
JPN,1986-12,95.50175,Dec 1986
JPN,1987-01,94.82785,Jan 1987
JPN,1987-02,94.73158,Feb 1987
JPN,1987-03,94.92413,Mar 1987
JPN,1987-04,94.73158,Apr 1987
JPN,1987-05,94.63531,May 1987
JPN,1987-06,94.92413,Jun 1987
JPN,1987-07,95.88684,Jul 1987
JPN,1987-08,96.3682,Aug 1987
JPN,1987-09,96.84956,Sep 1987
JPN,1987-10,96.65702,Oct 1987
JPN,1987-11,96.65702,Nov 1987
JPN,1987-12,96.3682,Dec 1987
JPN,1988-01,95.50175,Jan 1988
JPN,1988-02,95.30921,Feb 1988
JPN,1988-03,95.30921,Mar 1988
JPN,1988-04,95.21294,Apr 1988
JPN,1988-05,95.30921,May 1988
JPN,1988-06,95.50175,Jun 1988
JPN,1988-07,95.98312,Jul 1988
JPN,1988-08,96.07938,Aug 1988
JPN,1988-09,96.17566,Sep 1988
JPN,1988-10,95.79057,Oct 1988
JPN,1988-11,95.6943,Nov 1988
JPN,1988-12,95.6943,Dec 1988
JPN,1989-01,95.79057,Jan 1989
JPN,1989-02,95.79057,Feb 1989
JPN,1989-03,95.98312,Mar 1989
JPN,1989-04,96.27193,Apr 1989
JPN,1989-05,96.75329,May 1989
JPN,1989-06,97.13837,Jun 1989
JPN,1989-07,97.52347,Jul 1989
JPN,1989-08,97.61974,Aug 1989
JPN,1989-09,97.81228,Sep 1989
JPN,1989-10,97.23465,Oct 1989
JPN,1989-11,97.04211,Nov 1989
JPN,1989-12,96.84956,Dec 1989
JPN,1990-01,97.42719,Jan 1990
JPN,1990-02,97.42719,Feb 1990
JPN,1990-03,97.61974,Mar 1990
JPN,1990-04,97.81228,Apr 1990
JPN,1990-05,97.71601,May 1990
JPN,1990-06,97.61974,Jun 1990
JPN,1990-07,97.81228,Jul 1990
JPN,1990-08,98.1011,Aug 1990
JPN,1990-09,98.67873,Sep 1990
JPN,1990-10,98.775,Oct 1990
JPN,1990-11,99.16009,Nov 1990
JPN,1990-12,99.44891,Dec 1990
JPN,1991-01,99.64145,Jan 1991
JPN,1991-02,99.44891,Feb 1991
JPN,1991-03,99.54517,Mar 1991
JPN,1991-04,99.16009,Apr 1991
JPN,1991-05,99.06381,May 1991
JPN,1991-06,98.87127,Jun 1991
JPN,1991-07,98.775,Jul 1991
JPN,1991-08,98.58246,Aug 1991
JPN,1991-09,98.29364,Sep 1991
JPN,1991-10,97.71601,Oct 1991
JPN,1991-11,97.61974,Nov 1991
JPN,1991-12,97.42719,Dec 1991
JPN,1992-01,96.84956,Jan 1992
JPN,1992-02,96.84956,Feb 1992
JPN,1992-03,96.84956,Mar 1992
JPN,1992-04,96.56075,Apr 1992
JPN,1992-05,96.3682,May 1992
JPN,1992-06,96.27193,Jun 1992
JPN,1992-07,96.56075,Jul 1992
JPN,1992-08,96.3682,Aug 1992
JPN,1992-09,96.17566,Sep 1992
JPN,1992-10,95.50175,Oct 1992
JPN,1992-11,95.40548,Nov 1992
JPN,1992-12,95.40548,Dec 1992
JPN,1993-01,95.40548,Jan 1993
JPN,1993-02,95.21294,Feb 1993
JPN,1993-03,94.82785,Mar 1993
JPN,1993-04,94.44276,Apr 1993
JPN,1993-05,94.15395,May 1993
JPN,1993-06,93.86514,Jun 1993
JPN,1993-07,93.86514,Jul 1993
JPN,1993-08,93.38377,Aug 1993
JPN,1993-09,92.99869,Sep 1993
JPN,1993-10,92.13224,Oct 1993
JPN,1993-11,91.93969,Nov 1993
JPN,1993-12,91.84342,Dec 1993
JPN,1994-01,91.84342,Jan 1994
JPN,1994-02,91.74715,Feb 1994
JPN,1994-03,91.45834,Mar 1994
JPN,1994-04,91.26579,Apr 1994
JPN,1994-05,91.36206,May 1994
JPN,1994-06,91.36206,Jun 1994
JPN,1994-07,91.5546,Jul 1994
JPN,1994-08,91.65088,Aug 1994
JPN,1994-09,91.74715,Sep 1994
JPN,1994-10,91.45834,Oct 1994
JPN,1994-11,91.74715,Nov 1994
JPN,1994-12,91.84342,Dec 1994
JPN,1995-01,92.22851,Jan 1995
JPN,1995-02,92.22851,Feb 1995
JPN,1995-03,91.93969,Mar 1995
JPN,1995-04,91.74715,Apr 1995
JPN,1995-05,91.5546,May 1995
JPN,1995-06,91.36206,Jun 1995
JPN,1995-07,91.5546,Jul 1995
JPN,1995-08,91.65088,Aug 1995
JPN,1995-09,91.84342,Sep 1995
JPN,1995-10,91.45834,Oct 1995
JPN,1995-11,91.45834,Nov 1995
JPN,1995-12,91.36206,Dec 1995
JPN,1996-01,91.26579,Jan 1996
JPN,1996-02,91.07324,Feb 1996
JPN,1996-03,90.97697,Mar 1996
JPN,1996-04,90.97697,Apr 1996
JPN,1996-05,90.59189,May 1996
JPN,1996-06,90.30307,Jun 1996
JPN,1996-07,90.68816,Jul 1996
JPN,1996-08,90.59189,Aug 1996
JPN,1996-09,90.49561,Sep 1996
JPN,1996-10,90.30307,Oct 1996
JPN,1996-11,90.59189,Nov 1996
JPN,1996-12,90.97697,Dec 1996
JPN,1997-01,91.26579,Jan 1997
JPN,1997-02,91.65088,Feb 1997
JPN,1997-03,91.84342,Mar 1997
JPN,1997-04,91.84342,Apr 1997
JPN,1997-05,91.65088,May 1997
JPN,1997-06,91.36206,Jun 1997
JPN,1997-07,91.5546,Jul 1997
JPN,1997-08,91.5546,Aug 1997
JPN,1997-09,91.45834,Sep 1997
JPN,1997-10,90.8807,Oct 1997
JPN,1997-11,90.68816,Nov 1997
JPN,1997-12,90.8807,Dec 1997
JPN,1998-01,90.59189,Jan 1998
JPN,1998-02,90.01425,Feb 1998
JPN,1998-03,89.5329,Mar 1998
JPN,1998-04,89.34035,Apr 1998
JPN,1998-05,89.1478,May 1998
JPN,1998-06,89.1478,Jun 1998
JPN,1998-07,89.34035,Jul 1998
JPN,1998-08,89.24408,Aug 1998
JPN,1998-09,88.85899,Sep 1998
JPN,1998-10,87.60745,Oct 1998
JPN,1998-11,87.31864,Nov 1998
JPN,1998-12,87.22237,Dec 1998
JPN,1999-01,86.54846,Jan 1999
JPN,1999-02,86.45219,Feb 1999
JPN,1999-03,86.25965,Mar 1999
JPN,1999-04,86.25965,Apr 1999
JPN,1999-05,86.35592,May 1999
JPN,1999-06,86.35592,Jun 1999
JPN,1999-07,87.02982,Jul 1999
JPN,1999-08,86.93356,Aug 1999
JPN,1999-09,86.93356,Sep 1999
JPN,1999-10,86.93356,Oct 1999
JPN,1999-11,86.93356,Nov 1999
JPN,1999-12,86.93356,Dec 1999
JPN,2000-01,87.8,Jan 2000
JPN,2000-02,88.1,Feb 2000
JPN,2000-03,87.8,Mar 2000
JPN,2000-04,87.6,Apr 2000
JPN,2000-05,87.5,May 2000
JPN,2000-06,87.3,Jun 2000
JPN,2000-07,88,Jul 2000
JPN,2000-08,88.1,Aug 2000
JPN,2000-09,87.9,Sep 2000
JPN,2000-10,87.4,Oct 2000
JPN,2000-11,87.4,Nov 2000
JPN,2000-12,87.6,Dec 2000
JPN,2001-01,87.6,Jan 2001
JPN,2001-02,87.3,Feb 2001
JPN,2001-03,87.4,Mar 2001
JPN,2001-04,87.2,Apr 2001
JPN,2001-05,86.9,May 2001
JPN,2001-06,86.6,Jun 2001
JPN,2001-07,86.7,Jul 2001
JPN,2001-08,86.3,Aug 2001
JPN,2001-09,85.8,Sep 2001
JPN,2001-10,85.1,Oct 2001
JPN,2001-11,84.8,Nov 2001
JPN,2001-12,85,Dec 2001
JPN,2002-01,85,Jan 2002
JPN,2002-02,85.1,Feb 2002
JPN,2002-03,85,Mar 2002
JPN,2002-04,85.1,Apr 2002
JPN,2002-05,84.9,May 2002
JPN,2002-06,84.7,Jun 2002
JPN,2002-07,84.5,Jul 2002
JPN,2002-08,84.4,Aug 2002
JPN,2002-09,84.5,Sep 2002
JPN,2002-10,84.4,Oct 2002
JPN,2002-11,84.4,Nov 2002
JPN,2002-12,84.4,Dec 2002
JPN,2003-01,84.6,Jan 2003
JPN,2003-02,84.9,Feb 2003
JPN,2003-03,85.2,Mar 2003
JPN,2003-04,85,Apr 2003
JPN,2003-05,84.6,May 2003
JPN,2003-06,84.5,Jun 2003
JPN,2003-07,84.8,Jul 2003
JPN,2003-08,84.9,Aug 2003
JPN,2003-09,84.7,Sep 2003
JPN,2003-10,84.1,Oct 2003
JPN,2003-11,84.2,Nov 2003
JPN,2003-12,84.3,Dec 2003
JPN,2004-01,84.7,Jan 2004
JPN,2004-02,85.2,Feb 2004
JPN,2004-03,85.9,Mar 2004
JPN,2004-04,86.3,Apr 2004
JPN,2004-05,86.7,May 2004
JPN,2004-06,86.9,Jun 2004
JPN,2004-07,87.7,Jul 2004
JPN,2004-08,88,Aug 2004
JPN,2004-09,88.2,Sep 2004
JPN,2004-10,88.6,Oct 2004
JPN,2004-11,88.6,Nov 2004
JPN,2004-12,88.5,Dec 2004
JPN,2005-01,88.5,Jan 2005
JPN,2005-02,88.7,Feb 2005
JPN,2005-03,89,Mar 2005
JPN,2005-04,90,Apr 2005
JPN,2005-05,89.8,May 2005
JPN,2005-06,89.9,Jun 2005
JPN,2005-07,90.9,Jul 2005
JPN,2005-08,91.1,Aug 2005
JPN,2005-09,91.3,Sep 2005
JPN,2005-10,92,Oct 2005
JPN,2005-11,92.5,Nov 2005
JPN,2005-12,92.8,Dec 2005
JPN,2006-01,93.1,Jan 2006
JPN,2006-02,93.6,Feb 2006
JPN,2006-03,93.8,Mar 2006
JPN,2006-04,94.5,Apr 2006
JPN,2006-05,94.9,May 2006
JPN,2006-06,95.2,Jun 2006
JPN,2006-07,96.4,Jul 2006
JPN,2006-08,96.9,Aug 2006
JPN,2006-09,97.2,Sep 2006
JPN,2006-10,96.9,Oct 2006
JPN,2006-11,96.6,Nov 2006
JPN,2006-12,96.8,Dec 2006
JPN,2007-01,97.2,Jan 2007
JPN,2007-02,97.3,Feb 2007
JPN,2007-03,97.3,Mar 2007
JPN,2007-04,98.7,Apr 2007
JPN,2007-05,99.5,May 2007
JPN,2007-06,99.7,Jun 2007
JPN,2007-07,100.4,Jul 2007
JPN,2007-08,99.9,Aug 2007
JPN,2007-09,99.6,Sep 2007
JPN,2007-10,100.4,Oct 2007
JPN,2007-11,100.4,Nov 2007
JPN,2007-12,100.9,Dec 2007
JPN,2008-01,101.2,Jan 2008
JPN,2008-02,101.8,Feb 2008
JPN,2008-03,101.9,Mar 2008
JPN,2008-04,103.8,Apr 2008
JPN,2008-05,105.2,May 2008
JPN,2008-06,107,Jun 2008
JPN,2008-07,110.1,Jul 2008
JPN,2008-08,110.5,Aug 2008
JPN,2008-09,109.2,Sep 2008
JPN,2008-10,105.4,Oct 2008
JPN,2008-11,102,Nov 2008
JPN,2008-12,99.5,Dec 2008
JPN,2009-01,97.2,Jan 2009
JPN,2009-02,96.8,Feb 2009
JPN,2009-03,97,Mar 2009
JPN,2009-04,96.1,Apr 2009
JPN,2009-05,95.1,May 2009
JPN,2009-06,94.9,Jun 2009
JPN,2009-07,95.3,Jul 2009
JPN,2009-08,95.7,Aug 2009
JPN,2009-09,95.3,Sep 2009
JPN,2009-10,94.4,Oct 2009
JPN,2009-11,94.5,Nov 2009
JPN,2009-12,94.9,Dec 2009
JPN,2010-01,96,Jan 2010
JPN,2010-02,96,Feb 2010
JPN,2010-03,96,Mar 2010
JPN,2010-04,97.1,Apr 2010
JPN,2010-05,97.1,May 2010
JPN,2010-06,96.8,Jun 2010
JPN,2010-07,96.5,Jul 2010
JPN,2010-08,96.1,Aug 2010
JPN,2010-09,96,Sep 2010
JPN,2010-10,95.5,Oct 2010
JPN,2010-11,95.8,Nov 2010
JPN,2010-12,96.4,Dec 2010
JPN,2011-01,97.1,Jan 2011
JPN,2011-02,97.4,Feb 2011
JPN,2011-03,98.1,Mar 2011
JPN,2011-04,99.6,Apr 2011
JPN,2011-05,99.6,May 2011
JPN,2011-06,99.5,Jun 2011
JPN,2011-07,99.7,Jul 2011
JPN,2011-08,99.5,Aug 2011
JPN,2011-09,99.1,Sep 2011
JPN,2011-10,98.1,Oct 2011
JPN,2011-11,98,Nov 2011
JPN,2011-12,97.8,Dec 2011
JPN,2012-01,97.7,Jan 2012
JPN,2012-02,98,Feb 2012
JPN,2012-03,99.1,Mar 2012
JPN,2012-04,99,Apr 2012
JPN,2012-05,98.3,May 2012
JPN,2012-06,97.4,Jun 2012
JPN,2012-07,96.9,Jul 2012
JPN,2012-08,97,Aug 2012
JPN,2012-09,97.2,Sep 2012
JPN,2012-10,97,Oct 2012
JPN,2012-11,97,Nov 2012
JPN,2012-12,97.6,Dec 2012
JPN,2013-01,98.7,Jan 2013
JPN,2013-02,99.6,Feb 2013
JPN,2013-03,99.9,Mar 2013
JPN,2013-04,100.8,Apr 2013
JPN,2013-05,101.3,May 2013
JPN,2013-06,100.9,Jun 2013
JPN,2013-07,101.9,Jul 2013
JPN,2013-08,101.9,Aug 2013
JPN,2013-09,102.4,Sep 2013
JPN,2013-10,102.2,Oct 2013
JPN,2013-11,102.3,Nov 2013
JPN,2013-12,103.1,Dec 2013
JPN,2014-01,103.7,Jan 2014
JPN,2014-02,103.4,Feb 2014
JPN,2014-03,103.4,Mar 2014
JPN,2014-04,103.6,Apr 2014
JPN,2014-05,103.8,May 2014
JPN,2014-06,104,Jun 2014
JPN,2014-07,104.6,Jul 2014
JPN,2014-08,104.6,Aug 2014
JPN,2014-09,104.8,Sep 2014
JPN,2014-10,103.6,Oct 2014
JPN,2014-11,104,Nov 2014
JPN,2014-12,103.5,Dec 2014
JPN,2015-01,101.5,Jan 2015
JPN,2015-02,101,Feb 2015
JPN,2015-03,101.3,Mar 2015
JPN,2015-04,101.3,Apr 2015
JPN,2015-05,101.6,May 2015
JPN,2015-06,101.7,Jun 2015
JPN,2015-07,101,Jul 2015
JPN,2015-08,99.9,Aug 2015
JPN,2015-09,98.7,Sep 2015
JPN,2015-10,97.5,Oct 2015
JPN,2015-11,97.6,Nov 2015
JPN,2015-12,97,Dec 2015
JPN,2016-01,95.4,Jan 2016
JPN,2016-02,94.5,Feb 2016
JPN,2016-03,93.9,Mar 2016
JPN,2016-04,93.2,Apr 2016
JPN,2016-05,93.2,May 2016
JPN,2016-06,92.8,Jun 2016
JPN,2016-07,92.9,Jul 2016
JPN,2016-08,92.4,Aug 2016
JPN,2016-09,92.3,Sep 2016
JPN,2016-10,92.4,Oct 2016
JPN,2016-11,93.3,Nov 2016
JPN,2016-12,94.9,Dec 2016
JPN,2017-01,95.9,Jan 2017
JPN,2017-02,96.3,Feb 2017
JPN,2017-03,96.7,Mar 2017
JPN,2017-04,96.7,Apr 2017
JPN,2017-05,97,May 2017
JPN,2017-06,96.9,Jun 2017
JPN,2017-07,97.3,Jul 2017
JPN,2017-08,97.2,Aug 2017
JPN,2017-09,97.7,Sep 2017
JPN,2017-10,98.5,Oct 2017
JPN,2017-11,98.9,Nov 2017
JPN,2017-12,99.3,Dec 2017
JPN,2018-01,99.9,Jan 2018
JPN,2018-02,99.7,Feb 2018
JPN,2018-03,99.5,Mar 2018
JPN,2018-04,100.4,Apr 2018
JPN,2018-05,101.3,May 2018
JPN,2018-06,101.8,Jun 2018
JPN,2018-07,102.6,Jul 2018
JPN,2018-08,102.5,Aug 2018
JPN,2018-09,102.9,Sep 2018
JPN,2018-10,103.2,Oct 2018
JPN,2018-11,103,Nov 2018
JPN,2018-12,102.1,Dec 2018
JPN,2019-01,100.7,Jan 2019
JPN,2019-02,101,Feb 2019
JPN,2019-03,101.5,Mar 2019
JPN,2019-04,101.9,Apr 2019
JPN,2019-05,101.6,May 2019
JPN,2019-06,100.8,Jun 2019
JPN,2019-07,100.6,Jul 2019
JPN,2019-08,100,Aug 2019
JPN,2019-09,100.1,Sep 2019
JPN,2019-10,99.6,Oct 2019
JPN,2019-11,99.9,Nov 2019
JPN,2019-12,100,Dec 2019
JPN,2020-01,100.1,Jan 2020
JPN,2020-02,99.9,Feb 2020
JPN,2020-03,98.5,Mar 2020
JPN,2020-04,96.3,Apr 2020
JPN,2020-05,95.3,May 2020
JPN,2020-06,95.8,Jun 2020
JPN,2020-07,96.7,Jul 2020
JPN,2020-08,96.9,Aug 2020
JPN,2020-09,96.8,Sep 2020
JPN,2020-10,96.3,Oct 2020
JPN,2020-11,96.3,Nov 2020
JPN,2020-12,96.7,Dec 2020
JPN,2021-01,97.8,Jan 2021
JPN,2021-02,98.9,Feb 2021
JPN,2021-03,100.6,Mar 2021
JPN,2021-04,102.4,Apr 2021
JPN,2021-05,103.5,May 2021
JPN,2021-06,104.7,Jun 2021
JPN,2021-07,106.5,Jul 2021
JPN,2021-08,107.1,Aug 2021
JPN,2021-09,108.1,Sep 2021
JPN,2021-10,110.6,Oct 2021
JPN,2021-11,111.9,Nov 2021
JPN,2021-12,112.1,Dec 2021
JPN,2022-01,113.6,Jan 2022
JPN,2022-02,115,Feb 2022
JPN,2022-03,117.1,Mar 2022
JPN,2022-04,120.8,Apr 2022
KOR,1980-01,33.63,Jan 1980
KOR,1980-02,40.66,Feb 1980
KOR,1980-03,41.83,Mar 1980
KOR,1980-04,42.39,Apr 1980
KOR,1980-05,42.78,May 1980
KOR,1980-06,42.94,Jun 1980
KOR,1980-07,42.94,Jul 1980
KOR,1980-08,43.58,Aug 1980
KOR,1980-09,44.29,Sep 1980
KOR,1980-10,44.91,Oct 1980
KOR,1980-11,45.94,Nov 1980
KOR,1980-12,47.67,Dec 1980
KOR,1981-01,48.38,Jan 1981
KOR,1981-02,48.79,Feb 1981
KOR,1981-03,49.1,Mar 1981
KOR,1981-04,49.97,Apr 1981
KOR,1981-05,51.23,May 1981
KOR,1981-06,51.62,Jun 1981
KOR,1981-07,51.62,Jul 1981
KOR,1981-08,51.62,Aug 1981
KOR,1981-09,51.62,Sep 1981
KOR,1981-10,51.55,Oct 1981
KOR,1981-11,51.46,Nov 1981
KOR,1981-12,52.49,Dec 1981
KOR,1982-01,52.81,Jan 1982
KOR,1982-02,52.97,Feb 1982
KOR,1982-03,52.81,Mar 1982
KOR,1982-04,52.81,Apr 1982
KOR,1982-05,52.89,May 1982
KOR,1982-06,52.97,Jun 1982
KOR,1982-07,52.97,Jul 1982
KOR,1982-08,52.97,Aug 1982
KOR,1982-09,52.73,Sep 1982
KOR,1982-10,52.73,Oct 1982
KOR,1982-11,52.73,Nov 1982
KOR,1982-12,52.65,Dec 1982
KOR,1983-01,52.58,Jan 1983
KOR,1983-02,52.42,Feb 1983
KOR,1983-03,52.49,Mar 1983
KOR,1983-04,52.42,Apr 1983
KOR,1983-05,52.1,May 1983
KOR,1983-06,52.26,Jun 1983
KOR,1983-07,52.58,Jul 1983
KOR,1983-08,52.73,Aug 1983
KOR,1983-09,52.97,Sep 1983
KOR,1983-10,52.89,Oct 1983
KOR,1983-11,53.04,Nov 1983
KOR,1983-12,53.13,Dec 1983
KOR,1984-01,53.2,Jan 1984
KOR,1984-02,53.2,Feb 1984
KOR,1984-03,53.13,Mar 1984
KOR,1984-04,53.36,Apr 1984
KOR,1984-05,53.44,May 1984
KOR,1984-06,53.36,Jun 1984
KOR,1984-07,53.44,Jul 1984
KOR,1984-08,53.44,Aug 1984
KOR,1984-09,53.28,Sep 1984
KOR,1984-10,53.28,Oct 1984
KOR,1984-11,53.2,Nov 1984
KOR,1984-12,53.04,Dec 1984
KOR,1985-01,53.36,Jan 1985
KOR,1985-02,53.28,Feb 1985
KOR,1985-03,53.28,Mar 1985
KOR,1985-04,53.36,Apr 1985
KOR,1985-05,53.28,May 1985
KOR,1985-06,53.36,Jun 1985
KOR,1985-07,53.28,Jul 1985
KOR,1985-08,53.28,Aug 1985
KOR,1985-09,53.28,Sep 1985
KOR,1985-10,53.28,Oct 1985
KOR,1985-11,53.28,Nov 1985
KOR,1985-12,53.36,Dec 1985
KOR,1986-01,53.43,Jan 1986
KOR,1986-02,53.13,Feb 1986
KOR,1986-03,52.49,Mar 1986
KOR,1986-04,52.01,Apr 1986
KOR,1986-05,52.01,May 1986
KOR,1986-06,52.01,Jun 1986
KOR,1986-07,52.26,Jul 1986
KOR,1986-08,52.18,Aug 1986
KOR,1986-09,52.33,Sep 1986
KOR,1986-10,52.49,Oct 1986
KOR,1986-11,52.49,Nov 1986
KOR,1986-12,52.49,Dec 1986
KOR,1987-01,52.81,Jan 1987
KOR,1987-02,53.04,Feb 1987
KOR,1987-03,53.68,Mar 1987
KOR,1987-04,53.83,Apr 1987
KOR,1987-05,54.07,May 1987
KOR,1987-06,53.99,Jun 1987
KOR,1987-07,53.99,Jul 1987
KOR,1987-08,53.99,Aug 1987
KOR,1987-09,54.07,Sep 1987
KOR,1987-10,54.14,Oct 1987
KOR,1987-11,54.07,Nov 1987
KOR,1987-12,54.31,Dec 1987
KOR,1988-01,54.86,Jan 1988
KOR,1988-02,55.09,Feb 1988
KOR,1988-03,54.95,Mar 1988
KOR,1988-04,54.78,Apr 1988
KOR,1988-05,55.09,May 1988
KOR,1988-06,55.73,Jun 1988
KOR,1988-07,56.12,Jul 1988
KOR,1988-08,56.36,Aug 1988
KOR,1988-09,56.28,Sep 1988
KOR,1988-10,56.6,Oct 1988
KOR,1988-11,56.6,Nov 1988
KOR,1988-12,56.76,Dec 1988
KOR,1989-01,56.6,Jan 1989
KOR,1989-02,56.51,Feb 1989
KOR,1989-03,56.44,Mar 1989
KOR,1989-04,56.36,Apr 1989
KOR,1989-05,55.89,May 1989
KOR,1989-06,55.34,Jun 1989
KOR,1989-07,54.95,Jul 1989
KOR,1989-08,54.78,Aug 1989
KOR,1989-09,54.7,Sep 1989
KOR,1989-10,54.63,Oct 1989
KOR,1989-11,54.54,Nov 1989
KOR,1989-12,53.75,Dec 1989
KOR,1990-01,53.13,Jan 1990
KOR,1990-02,53.21,Feb 1990
KOR,1990-03,53.43,Mar 1990
KOR,1990-04,53.6,Apr 1990
KOR,1990-05,53.92,May 1990
KOR,1990-06,54.07,Jun 1990
KOR,1990-07,53.99,Jul 1990
KOR,1990-08,54.07,Aug 1990
KOR,1990-09,55.02,Sep 1990
KOR,1990-10,55.89,Oct 1990
KOR,1990-11,56.36,Nov 1990
KOR,1990-12,56.76,Dec 1990
KOR,1991-01,56.76,Jan 1991
KOR,1991-02,56.83,Feb 1991
KOR,1991-03,56.92,Mar 1991
KOR,1991-04,56.68,Apr 1991
KOR,1991-05,56.51,May 1991
KOR,1991-06,56.51,Jun 1991
KOR,1991-07,56.36,Jul 1991
KOR,1991-08,56.28,Aug 1991
KOR,1991-09,56.36,Sep 1991
KOR,1991-10,56.6,Oct 1991
KOR,1991-11,56.6,Nov 1991
KOR,1991-12,56.76,Dec 1991
KOR,1992-01,56.76,Jan 1992
KOR,1992-02,56.92,Feb 1992
KOR,1992-03,57.07,Mar 1992
KOR,1992-04,57.15,Apr 1992
KOR,1992-05,57.23,May 1992
KOR,1992-06,57.54,Jun 1992
KOR,1992-07,57.78,Jul 1992
KOR,1992-08,58.02,Aug 1992
KOR,1992-09,57.86,Sep 1992
KOR,1992-10,57.71,Oct 1992
KOR,1992-11,57.54,Nov 1992
KOR,1992-12,57.47,Dec 1992
KOR,1993-01,57.31,Jan 1993
KOR,1993-02,57.47,Feb 1993
KOR,1993-03,57.71,Mar 1993
KOR,1993-04,57.86,Apr 1993
KOR,1993-05,58.02,May 1993
KOR,1993-06,58.17,Jun 1993
KOR,1993-07,58.17,Jul 1993
KOR,1993-08,58.17,Aug 1993
KOR,1993-09,58.1,Sep 1993
KOR,1993-10,57.86,Oct 1993
KOR,1993-11,57.54,Nov 1993
KOR,1993-12,57.39,Dec 1993
KOR,1994-01,57.31,Jan 1994
KOR,1994-02,57.31,Feb 1994
KOR,1994-03,57.54,Mar 1994
KOR,1994-04,57.78,Apr 1994
KOR,1994-05,57.86,May 1994
KOR,1994-06,58.17,Jun 1994
KOR,1994-07,58.73,Jul 1994
KOR,1994-08,59.13,Aug 1994
KOR,1994-09,59.52,Sep 1994
KOR,1994-10,60.14,Oct 1994
KOR,1994-11,60.55,Nov 1994
KOR,1994-12,60.78,Dec 1994
KOR,1995-01,61.7,Jan 1995
KOR,1995-02,62.13,Feb 1995
KOR,1995-03,62.56,Mar 1995
KOR,1995-04,62.91,Apr 1995
KOR,1995-05,63.24,May 1995
KOR,1995-06,63.58,Jun 1995
KOR,1995-07,63.58,Jul 1995
KOR,1995-08,63.75,Aug 1995
KOR,1995-09,64.19,Sep 1995
KOR,1995-10,63.75,Oct 1995
KOR,1995-11,63.41,Nov 1995
KOR,1995-12,63.5,Dec 1995
KOR,1996-01,63.85,Jan 1996
KOR,1996-02,63.85,Feb 1996
KOR,1996-03,63.33,Mar 1996
KOR,1996-04,63.5,Apr 1996
KOR,1996-05,63.24,May 1996
KOR,1996-06,63.16,Jun 1996
KOR,1996-07,63.67,Jul 1996
KOR,1996-08,63.58,Aug 1996
KOR,1996-09,63.85,Sep 1996
KOR,1996-10,64.1,Oct 1996
KOR,1996-11,64.36,Nov 1996
KOR,1996-12,64.53,Dec 1996
KOR,1997-01,65.13,Jan 1997
KOR,1997-02,65.47,Feb 1997
KOR,1997-03,65.55,Mar 1997
KOR,1997-04,66.07,Apr 1997
KOR,1997-05,65.99,May 1997
KOR,1997-06,66.07,Jun 1997
KOR,1997-07,65.81,Jul 1997
KOR,1997-08,65.99,Aug 1997
KOR,1997-09,66.41,Sep 1997
KOR,1997-10,66.66,Oct 1997
KOR,1997-11,67.96,Nov 1997
KOR,1997-12,79.76,Dec 1997
KOR,1998-01,89.09,Jan 1998
KOR,1998-02,90.46,Feb 1998
KOR,1998-03,88.66,Mar 1998
KOR,1998-04,85.75,Apr 1998
KOR,1998-05,83.86,May 1998
KOR,1998-06,83.61,Jun 1998
KOR,1998-07,82.08,Jul 1998
KOR,1998-08,79.84,Aug 1998
KOR,1998-09,80.36,Sep 1998
KOR,1998-10,80.96,Oct 1998
KOR,1998-11,79.84,Nov 1998
KOR,1998-12,77.62,Dec 1998
KOR,1999-01,75.73,Jan 1999
KOR,1999-02,74.45,Feb 1999
KOR,1999-03,74.71,Mar 1999
KOR,1999-04,74.71,Apr 1999
KOR,1999-05,74.89,May 1999
KOR,1999-06,74.54,Jun 1999
KOR,1999-07,74.2,Jul 1999
KOR,1999-08,75.4,Aug 1999
KOR,1999-09,76.17,Sep 1999
KOR,1999-10,78.05,Oct 1999
KOR,1999-11,78.82,Nov 1999
KOR,1999-12,78.05,Dec 1999
KOR,2000-01,79,Jan 2000
KOR,2000-02,78.91,Feb 2000
KOR,2000-03,78.91,Mar 2000
KOR,2000-04,78.65,Apr 2000
KOR,2000-05,78.22,May 2000
KOR,2000-06,78.56,Jun 2000
KOR,2000-07,78.56,Jul 2000
KOR,2000-08,78.48,Aug 2000
KOR,2000-09,78.82,Sep 2000
KOR,2000-10,79.08,Oct 2000
KOR,2000-11,79.5,Nov 2000
KOR,2000-12,80.53,Dec 2000
KOR,2001-01,81.13,Jan 2001
KOR,2001-02,80.53,Feb 2001
KOR,2001-03,80.61,Mar 2001
KOR,2001-04,80.87,Apr 2001
KOR,2001-05,79.94,May 2001
KOR,2001-06,79.16,Jun 2001
KOR,2001-07,78.56,Jul 2001
KOR,2001-08,77.62,Aug 2001
KOR,2001-09,77.53,Sep 2001
KOR,2001-10,77.03,Oct 2001
KOR,2001-11,75.65,Nov 2001
KOR,2001-12,74.79,Dec 2001
KOR,2002-01,74.89,Jan 2002
KOR,2002-02,75.31,Feb 2002
KOR,2002-03,76.08,Mar 2002
KOR,2002-04,77.03,Apr 2002
KOR,2002-05,76.59,May 2002
KOR,2002-06,75.48,Jun 2002
KOR,2002-07,74.71,Jul 2002
KOR,2002-08,74.79,Aug 2002
KOR,2002-09,75.06,Sep 2002
KOR,2002-10,76,Oct 2002
KOR,2002-11,75.4,Nov 2002
KOR,2002-12,75.48,Dec 2002
KOR,2003-01,75.82,Jan 2003
KOR,2003-02,77.28,Feb 2003
KOR,2003-03,79,Mar 2003
KOR,2003-04,78.22,Apr 2003
KOR,2003-05,76.59,May 2003
KOR,2003-06,76.17,Jun 2003
KOR,2003-07,76.17,Jul 2003
KOR,2003-08,76.42,Aug 2003
KOR,2003-09,76.68,Sep 2003
KOR,2003-10,77.11,Oct 2003
KOR,2003-11,78.14,Nov 2003
KOR,2003-12,79.16,Dec 2003
KOR,2004-01,80.61,Jan 2004
KOR,2004-02,81.99,Feb 2004
KOR,2004-03,83.1,Mar 2004
KOR,2004-04,83.86,Apr 2004
KOR,2004-05,84.81,May 2004
KOR,2004-06,84.64,Jun 2004
KOR,2004-07,84.89,Jul 2004
KOR,2004-08,85.93,Aug 2004
KOR,2004-09,86.86,Sep 2004
KOR,2004-10,87.98,Oct 2004
KOR,2004-11,87.46,Nov 2004
KOR,2004-12,85.49,Dec 2004
KOR,2005-01,86.1,Jan 2005
KOR,2005-02,85.83,Feb 2005
KOR,2005-03,85.93,Mar 2005
KOR,2005-04,86.1,Apr 2005
KOR,2005-05,85.07,May 2005
KOR,2005-06,84.38,Jun 2005
KOR,2005-07,85.16,Jul 2005
KOR,2005-08,85.24,Aug 2005
KOR,2005-09,85.93,Sep 2005
KOR,2005-10,86.52,Oct 2005
KOR,2005-11,85.93,Nov 2005
KOR,2005-12,84.89,Dec 2005
KOR,2006-01,84.21,Jan 2006
KOR,2006-02,84.04,Feb 2006
KOR,2006-03,83.96,Mar 2006
KOR,2006-04,84.13,Apr 2006
KOR,2006-05,85.16,May 2006
KOR,2006-06,85.41,Jun 2006
KOR,2006-07,85.75,Jul 2006
KOR,2006-08,86.69,Aug 2006
KOR,2006-09,86.86,Sep 2006
KOR,2006-10,86.27,Oct 2006
KOR,2006-11,85.24,Nov 2006
KOR,2006-12,84.99,Dec 2006
KOR,2007-01,84.81,Jan 2007
KOR,2007-02,84.99,Feb 2007
KOR,2007-03,86.18,Mar 2007
KOR,2007-04,87.04,Apr 2007
KOR,2007-05,87.89,May 2007
KOR,2007-06,87.72,Jun 2007
KOR,2007-07,87.29,Jul 2007
KOR,2007-08,87.55,Aug 2007
KOR,2007-09,87.72,Sep 2007
KOR,2007-10,88.15,Oct 2007
KOR,2007-11,89.09,Nov 2007
KOR,2007-12,89.86,Dec 2007
KOR,2008-01,91.06,Jan 2008
KOR,2008-02,92.77,Feb 2008
KOR,2008-03,96.36,Mar 2008
KOR,2008-04,99.7,Apr 2008
KOR,2008-05,104.16,May 2008
KOR,2008-06,106.72,Jun 2008
KOR,2008-07,109.29,Jul 2008
KOR,2008-08,108.35,Aug 2008
KOR,2008-09,109.54,Sep 2008
KOR,2008-10,111.77,Oct 2008
KOR,2008-11,107.24,Nov 2008
KOR,2008-12,103.47,Dec 2008
KOR,2009-01,101.5,Jan 2009
KOR,2009-02,103.81,Feb 2009
KOR,2009-03,104.41,Mar 2009
KOR,2009-04,101.5,Apr 2009
KOR,2009-05,99.02,May 2009
KOR,2009-06,99.7,Jun 2009
KOR,2009-07,101.08,Jul 2009
KOR,2009-08,102.19,Aug 2009
KOR,2009-09,102.27,Sep 2009
KOR,2009-10,100.81,Oct 2009
KOR,2009-11,101.24,Nov 2009
KOR,2009-12,102.1,Dec 2009
KOR,2010-01,102.47,Jan 2010
KOR,2010-02,102.86,Feb 2010
KOR,2010-03,102.91,Mar 2010
KOR,2010-04,103.68,Apr 2010
KOR,2010-05,105.83,May 2010
KOR,2010-06,106.92,Jun 2010
KOR,2010-07,106.87,Jul 2010
KOR,2010-08,106.58,Aug 2010
KOR,2010-09,106.87,Sep 2010
KOR,2010-10,107.21,Oct 2010
KOR,2010-11,108.15,Nov 2010
KOR,2010-12,109.85,Dec 2010
KOR,2011-01,111.06,Jan 2011
KOR,2011-02,112.23,Feb 2011
KOR,2011-03,114.4,Mar 2011
KOR,2011-04,115.09,Apr 2011
KOR,2011-05,115.69,May 2011
KOR,2011-06,115.18,Jun 2011
KOR,2011-07,114.34,Jul 2011
KOR,2011-08,114.4,Aug 2011
KOR,2011-09,115.63,Sep 2011
KOR,2011-10,116.05,Oct 2011
KOR,2011-11,114.56,Nov 2011
KOR,2011-12,114.35,Dec 2011
KOR,2012-01,114.95,Jan 2012
KOR,2012-02,115.34,Feb 2012
KOR,2012-03,116.26,Mar 2012
KOR,2012-04,116.78,Apr 2012
KOR,2012-05,116.02,May 2012
KOR,2012-06,114.05,Jun 2012
KOR,2012-07,112.27,Jul 2012
KOR,2012-08,112.69,Aug 2012
KOR,2012-09,113.26,Sep 2012
KOR,2012-10,112.43,Oct 2012
KOR,2012-11,111.23,Nov 2012
KOR,2012-12,110.34,Dec 2012
KOR,2013-01,110.19,Jan 2013
KOR,2013-02,111.34,Feb 2013
KOR,2013-03,111.18,Mar 2013
KOR,2013-04,110.81,Apr 2013
KOR,2013-05,109.88,May 2013
KOR,2013-06,110.19,Jun 2013
KOR,2013-07,109.79,Jul 2013
KOR,2013-08,109.74,Aug 2013
KOR,2013-09,109.12,Sep 2013
KOR,2013-10,108.57,Oct 2013
KOR,2013-11,108.11,Nov 2013
KOR,2013-12,108.19,Dec 2013
KOR,2014-01,108.56,Jan 2014
KOR,2014-02,108.53,Feb 2014
KOR,2014-03,108.26,Mar 2014
KOR,2014-04,107.38,Apr 2014
KOR,2014-05,107.05,May 2014
KOR,2014-06,106.94,Jun 2014
KOR,2014-07,107.01,Jul 2014
KOR,2014-08,107,Aug 2014
KOR,2014-09,106.62,Sep 2014
KOR,2014-10,106.07,Oct 2014
KOR,2014-11,105.64,Nov 2014
KOR,2014-12,103.87,Dec 2014
KOR,2015-01,101.42,Jan 2015
KOR,2015-02,101.1,Feb 2015
KOR,2015-03,101.29,Mar 2015
KOR,2015-04,100.7,Apr 2015
KOR,2015-05,100.8,May 2015
KOR,2015-06,101.16,Jun 2015
KOR,2015-07,100.86,Jul 2015
KOR,2015-08,100.31,Aug 2015
KOR,2015-09,99.51,Sep 2015
KOR,2015-10,98.11,Oct 2015
KOR,2015-11,97.5,Nov 2015
KOR,2015-12,97.23,Dec 2015
KOR,2016-01,96.71,Jan 2016
KOR,2016-02,96.43,Feb 2016
KOR,2016-03,95.91,Mar 2016
KOR,2016-04,95.74,Apr 2016
KOR,2016-05,96.63,May 2016
KOR,2016-06,97.05,Jun 2016
KOR,2016-07,96.7,Jul 2016
KOR,2016-08,96.03,Aug 2016
KOR,2016-09,95.98,Sep 2016
KOR,2016-10,96.74,Oct 2016
KOR,2016-11,98.02,Nov 2016
KOR,2016-12,99.49,Dec 2016
KOR,2017-01,101.33,Jan 2017
KOR,2017-02,101.35,Feb 2017
KOR,2017-03,101.19,Mar 2017
KOR,2017-04,100.77,Apr 2017
KOR,2017-05,100.21,May 2017
KOR,2017-06,99.66,Jun 2017
KOR,2017-07,99.65,Jul 2017
KOR,2017-08,100.01,Aug 2017
KOR,2017-09,101.06,Sep 2017
KOR,2017-10,101.9,Oct 2017
KOR,2017-11,101.64,Nov 2017
KOR,2017-12,101.56,Dec 2017
KOR,2018-01,101.84,Jan 2018
KOR,2018-02,102.42,Feb 2018
KOR,2018-03,102.19,Mar 2018
KOR,2018-04,102.2,Apr 2018
KOR,2018-05,103.21,May 2018
KOR,2018-06,103.86,Jun 2018
KOR,2018-07,104.73,Jul 2018
KOR,2018-08,104.81,Aug 2018
KOR,2018-09,104.95,Sep 2018
KOR,2018-10,105.28,Oct 2018
KOR,2018-11,104.56,Nov 2018
KOR,2018-12,103.08,Dec 2018
KOR,2019-01,102.42,Jan 2019
KOR,2019-02,102.54,Feb 2019
KOR,2019-03,103.15,Mar 2019
KOR,2019-04,103.72,Apr 2019
KOR,2019-05,104.61,May 2019
KOR,2019-06,103.99,Jun 2019
KOR,2019-07,103.72,Jul 2019
KOR,2019-08,104.29,Aug 2019
KOR,2019-09,103.7,Sep 2019
KOR,2019-10,103.46,Oct 2019
KOR,2019-11,102.95,Nov 2019
KOR,2019-12,103.12,Dec 2019
KOR,2020-01,103.17,Jan 2020
KOR,2020-02,103.51,Feb 2020
KOR,2020-03,102.4,Mar 2020
KOR,2020-04,100.89,Apr 2020
KOR,2020-05,100.2,May 2020
KOR,2020-06,100.63,Jun 2020
KOR,2020-07,101.06,Jul 2020
KOR,2020-08,101.33,Aug 2020
KOR,2020-09,101.34,Sep 2020
KOR,2020-10,100.83,Oct 2020
KOR,2020-11,100.74,Nov 2020
KOR,2020-12,101.49,Dec 2020
KOR,2021-01,102.93,Jan 2021
KOR,2021-02,104.63,Feb 2021
KOR,2021-03,106.76,Mar 2021
KOR,2021-04,108.49,Apr 2021
KOR,2021-05,109.36,May 2021
KOR,2021-06,110.28,Jun 2021
KOR,2021-07,112.19,Jul 2021
KOR,2021-08,113.39,Aug 2021
KOR,2021-09,114.07,Sep 2021
KOR,2021-10,116.02,Oct 2021
KOR,2021-11,117.41,Nov 2021
KOR,2021-12,117.3,Dec 2021
KOR,2022-01,118.38,Jan 2022
KOR,2022-02,119.58,Feb 2022
KOR,2022-03,122.37,Mar 2022
KOR,2022-04,125.25,Apr 2022
KOR,2022-05,126.34,May 2022
KOR,2022-06,126.78,Jun 2022
KOR,2022-07,126.87,Jul 2022
KOR,2022-08,125.83,Aug 2022
KOR,2022-09,126.73,Sep 2022
KOR,2022-10,127.61,Oct 2022
KOR,2022-11,125.99,Nov 2022
KOR,2022-12,124.37,Dec 2022
USA,1974-01,25.9979,Jan 1974
USA,1974-02,26.31302,Feb 1974
USA,1974-03,27.04832,Mar 1974
USA,1974-04,27.67857,Apr 1974
USA,1974-05,28.51891,May 1974
USA,1974-06,29.09664,Jun 1974
USA,1974-07,29.9895,Jul 1974
USA,1974-08,31.46008,Aug 1974
USA,1974-09,31.51261,Sep 1974
USA,1974-10,31.98529,Oct 1974
USA,1974-11,32.40546,Nov 1974
USA,1974-12,32.35294,Dec 1974
USA,1975-01,32.40546,Jan 1975
USA,1975-02,32.35294,Feb 1975
USA,1975-03,32.14286,Mar 1975
USA,1975-04,32.30042,Apr 1975
USA,1975-05,32.19538,May 1975
USA,1975-06,32.14286,Jun 1975
USA,1975-07,32.30042,Jul 1975
USA,1975-08,32.51051,Aug 1975
USA,1975-09,32.51051,Sep 1975
USA,1975-10,32.72059,Oct 1975
USA,1975-11,32.72059,Nov 1975
USA,1975-12,32.77311,Dec 1975
USA,1976-01,33.03571,Jan 1976
USA,1976-02,33.14075,Feb 1976
USA,1976-03,33.35084,Mar 1976
USA,1976-04,33.56092,Apr 1976
USA,1976-05,33.71849,May 1976
USA,1976-06,33.98109,Jun 1976
USA,1976-07,34.2437,Jul 1976
USA,1976-08,34.29622,Aug 1976
USA,1976-09,34.55882,Sep 1976
USA,1976-10,34.55882,Oct 1976
USA,1976-11,34.61134,Nov 1976
USA,1976-12,34.76891,Dec 1976
USA,1977-01,34.92647,Jan 1977
USA,1977-02,35.13655,Feb 1977
USA,1977-03,35.45168,Mar 1977
USA,1977-04,35.81933,Apr 1977
USA,1977-05,36.02941,May 1977
USA,1977-06,35.97689,Jun 1977
USA,1977-07,36.08193,Jul 1977
USA,1977-08,36.13445,Aug 1977
USA,1977-09,36.34454,Sep 1977
USA,1977-10,36.34454,Oct 1977
USA,1977-11,36.5021,Nov 1977
USA,1977-12,36.60714,Dec 1977
USA,1978-01,36.92227,Jan 1978
USA,1978-02,37.28992,Feb 1978
USA,1978-03,37.60504,Mar 1978
USA,1978-04,37.97269,Apr 1978
USA,1978-05,38.23529,May 1978
USA,1978-06,38.44538,Jun 1978
USA,1978-07,38.60294,Jul 1978
USA,1978-08,38.91807,Aug 1978
USA,1978-09,39.18067,Sep 1978
USA,1978-10,39.60084,Oct 1978
USA,1978-11,39.86345,Nov 1978
USA,1978-12,40.02101,Dec 1978
USA,1979-01,40.54622,Jan 1979
USA,1979-02,41.01891,Feb 1979
USA,1979-03,41.4916,Mar 1979
USA,1979-04,42.17437,Apr 1979
USA,1979-05,42.43697,May 1979
USA,1979-06,42.59454,Jun 1979
USA,1979-07,43.22479,Jul 1979
USA,1979-08,43.4874,Aug 1979
USA,1979-09,43.90756,Sep 1979
USA,1979-10,44.48529,Oct 1979
USA,1979-11,44.64286,Nov 1979
USA,1979-12,45.01051,Dec 1979
USA,1980-01,46.06092,Jan 1980
USA,1980-02,46.84874,Feb 1980
USA,1980-03,47.0063,Mar 1980
USA,1980-04,47.16386,Apr 1980
USA,1980-05,47.37395,May 1980
USA,1980-06,47.63655,Jun 1980
USA,1980-07,48.0042,Jul 1980
USA,1980-08,48.52941,Aug 1980
USA,1980-09,48.68697,Sep 1980
USA,1980-10,49.21218,Oct 1980
USA,1980-11,49.42227,Nov 1980
USA,1980-12,49.7374,Dec 1980
USA,1981-01,50.31512,Jan 1981
USA,1981-02,50.47269,Feb 1981
USA,1981-03,50.73529,Mar 1981
USA,1981-04,51.31303,Apr 1981
USA,1981-05,51.47059,May 1981
USA,1981-06,51.62815,Jun 1981
USA,1981-07,51.94328,Jul 1981
USA,1981-08,52.20588,Aug 1981
USA,1981-09,52.20588,Sep 1981
USA,1981-10,52.2584,Oct 1981
USA,1981-11,52.15336,Nov 1981
USA,1981-12,52.20588,Dec 1981
USA,1982-01,52.41597,Jan 1982
USA,1982-02,52.57353,Feb 1982
USA,1982-03,52.52101,Mar 1982
USA,1982-04,52.62605,Apr 1982
USA,1982-05,52.73109,May 1982
USA,1982-06,52.57353,Jun 1982
USA,1982-07,52.52101,Jul 1982
USA,1982-08,52.41597,Aug 1982
USA,1982-09,52.52101,Sep 1982
USA,1982-10,52.46849,Oct 1982
USA,1982-11,52.41597,Nov 1982
USA,1982-12,52.41597,Dec 1982
USA,1983-01,52.52101,Jan 1983
USA,1983-02,52.88866,Feb 1983
USA,1983-03,52.83614,Mar 1983
USA,1983-04,53.04622,Apr 1983
USA,1983-05,53.15126,May 1983
USA,1983-06,53.2563,Jun 1983
USA,1983-07,53.46638,Jul 1983
USA,1983-08,53.62395,Aug 1983
USA,1983-09,53.88655,Sep 1983
USA,1983-10,53.93908,Oct 1983
USA,1983-11,53.9916,Nov 1983
USA,1983-12,54.14916,Dec 1983
USA,1984-01,54.35925,Jan 1984
USA,1984-02,54.51681,Feb 1984
USA,1984-03,54.83193,Mar 1984
USA,1984-04,55.04202,Apr 1984
USA,1984-05,55.09454,May 1984
USA,1984-06,55.09454,Jun 1984
USA,1984-07,55.09454,Jul 1984
USA,1984-08,55.09454,Aug 1984
USA,1984-09,55.04202,Sep 1984
USA,1984-10,54.98949,Oct 1984
USA,1984-11,55.04202,Nov 1984
USA,1984-12,54.98949,Dec 1984
USA,1985-01,54.98949,Jan 1985
USA,1985-02,54.98949,Feb 1985
USA,1985-03,54.98949,Mar 1985
USA,1985-04,55.04202,Apr 1985
USA,1985-05,55.09454,May 1985
USA,1985-06,55.09454,Jun 1985
USA,1985-07,55.04202,Jul 1985
USA,1985-08,54.93697,Aug 1985
USA,1985-09,54.88445,Sep 1985
USA,1985-10,54.88445,Oct 1985
USA,1985-11,54.83193,Nov 1985
USA,1985-12,54.88445,Dec 1985
USA,1986-01,54.88445,Jan 1986
USA,1986-02,54.83193,Feb 1986
USA,1986-03,54.83193,Mar 1986
USA,1986-04,54.83193,Apr 1986
USA,1986-05,54.83193,May 1986
USA,1986-06,54.77941,Jun 1986
USA,1986-07,54.83193,Jul 1986
USA,1986-08,54.88445,Aug 1986
USA,1986-09,54.98949,Sep 1986
USA,1986-10,54.98949,Oct 1986
USA,1986-11,54.98949,Nov 1986
USA,1986-12,54.98949,Dec 1986
USA,1987-01,55.19958,Jan 1987
USA,1987-02,55.35714,Feb 1987
USA,1987-03,55.46218,Mar 1987
USA,1987-04,55.72479,Apr 1987
USA,1987-05,56.03992,May 1987
USA,1987-06,56.25,Jun 1987
USA,1987-07,56.40756,Jul 1987
USA,1987-08,56.56512,Aug 1987
USA,1987-09,56.88025,Sep 1987
USA,1987-10,57.30042,Oct 1987
USA,1987-11,57.51051,Nov 1987
USA,1987-12,57.82563,Dec 1987
USA,1988-01,58.40336,Jan 1988
USA,1988-02,58.5084,Feb 1988
USA,1988-03,58.87605,Mar 1988
USA,1988-04,59.34874,Apr 1988
USA,1988-05,59.66386,May 1988
USA,1988-06,60.08403,Jun 1988
USA,1988-07,60.66177,Jul 1988
USA,1988-08,60.76681,Aug 1988
USA,1988-09,61.08193,Sep 1988
USA,1988-10,61.34454,Oct 1988
USA,1988-11,61.60714,Nov 1988
USA,1988-12,61.86975,Dec 1988
USA,1989-01,62.44748,Jan 1989
USA,1989-02,62.55252,Feb 1989
USA,1989-03,62.81512,Mar 1989
USA,1989-04,62.97269,Apr 1989
USA,1989-05,63.02521,May 1989
USA,1989-06,62.86765,Jun 1989
USA,1989-07,62.81512,Jul 1989
USA,1989-08,62.65756,Aug 1989
USA,1989-09,62.7626,Sep 1989
USA,1989-10,62.81512,Oct 1989
USA,1989-11,62.7626,Nov 1989
USA,1989-12,62.60504,Dec 1989
USA,1990-01,62.7626,Jan 1990
USA,1990-02,62.71008,Feb 1990
USA,1990-03,62.86765,Mar 1990
USA,1990-04,63.07773,Apr 1990
USA,1990-05,63.23529,May 1990
USA,1990-06,63.13025,Jun 1990
USA,1990-07,63.18277,Jul 1990
USA,1990-08,63.23529,Aug 1990
USA,1990-09,63.4979,Sep 1990
USA,1990-10,63.76051,Oct 1990
USA,1990-11,63.81303,Nov 1990
USA,1990-12,63.76051,Dec 1990
USA,1991-01,63.86555,Jan 1991
USA,1991-02,63.81303,Feb 1991
USA,1991-03,63.65546,Mar 1991
USA,1991-04,63.55042,Apr 1991
USA,1991-05,63.44538,May 1991
USA,1991-06,63.39286,Jun 1991
USA,1991-07,63.28782,Jul 1991
USA,1991-08,63.18277,Aug 1991
USA,1991-09,63.23529,Sep 1991
USA,1991-10,63.23529,Oct 1991
USA,1991-11,63.23529,Nov 1991
USA,1991-12,63.23529,Dec 1991
USA,1992-01,63.23529,Jan 1992
USA,1992-02,63.39286,Feb 1992
USA,1992-03,63.55042,Mar 1992
USA,1992-04,63.60294,Apr 1992
USA,1992-05,63.70798,May 1992
USA,1992-06,63.76051,Jun 1992
USA,1992-07,63.76051,Jul 1992
USA,1992-08,63.81303,Aug 1992
USA,1992-09,63.91807,Sep 1992
USA,1992-10,63.81303,Oct 1992
USA,1992-11,63.81303,Nov 1992
USA,1992-12,63.91807,Dec 1992
USA,1993-01,64.18067,Jan 1993
USA,1993-02,64.44328,Feb 1993
USA,1993-03,64.60084,Mar 1993
USA,1993-04,64.7584,Apr 1993
USA,1993-05,64.60084,May 1993
USA,1993-06,64.54832,Jun 1993
USA,1993-07,64.65336,Jul 1993
USA,1993-08,64.70588,Aug 1993
USA,1993-09,64.7584,Sep 1993
USA,1993-10,64.81092,Oct 1993
USA,1993-11,64.91597,Nov 1993
USA,1993-12,65.07353,Dec 1993
USA,1994-01,65.28362,Jan 1994
USA,1994-02,65.33614,Feb 1994
USA,1994-03,65.4937,Mar 1994
USA,1994-04,65.59874,Apr 1994
USA,1994-05,65.7563,May 1994
USA,1994-06,65.96638,Jun 1994
USA,1994-07,66.12395,Jul 1994
USA,1994-08,66.43908,Aug 1994
USA,1994-09,66.96429,Sep 1994
USA,1994-10,67.33193,Oct 1994
USA,1994-11,67.80462,Nov 1994
USA,1994-12,68.11975,Dec 1994
USA,1995-01,69.0126,Jan 1995
USA,1995-02,69.59034,Feb 1995
USA,1995-03,69.90546,Mar 1995
USA,1995-04,70.27311,Apr 1995
USA,1995-05,70.43067,May 1995
USA,1995-06,70.53571,Jun 1995
USA,1995-07,70.7458,Jul 1995
USA,1995-08,70.85084,Aug 1995
USA,1995-09,70.85084,Sep 1995
USA,1995-10,70.79832,Oct 1995
USA,1995-11,70.69328,Nov 1995
USA,1995-12,70.58823,Dec 1995
USA,1996-01,70.43067,Jan 1996
USA,1996-02,70.22059,Feb 1996
USA,1996-03,70.11555,Mar 1996
USA,1996-04,70.01051,Apr 1996
USA,1996-05,70.27311,May 1996
USA,1996-06,70.27311,Jun 1996
USA,1996-07,70.11555,Jul 1996
USA,1996-08,70.16807,Aug 1996
USA,1996-09,70.32563,Sep 1996
USA,1996-10,70.11555,Oct 1996
USA,1996-11,69.95798,Nov 1996
USA,1996-12,70.06303,Dec 1996
USA,1997-01,70.11555,Jan 1997
USA,1997-02,70.16807,Feb 1997
USA,1997-03,70.27311,Mar 1997
USA,1997-04,70.27311,Apr 1997
USA,1997-05,70.32563,May 1997
USA,1997-06,70.22059,Jun 1997
USA,1997-07,70.22059,Jul 1997
USA,1997-08,70.22059,Aug 1997
USA,1997-09,70.27311,Sep 1997
USA,1997-10,70.11555,Oct 1997
USA,1997-11,70.27311,Nov 1997
USA,1997-12,70.22059,Dec 1997
USA,1998-01,70.01051,Jan 1998
USA,1998-02,69.95798,Feb 1998
USA,1998-03,69.90546,Mar 1998
USA,1998-04,69.85294,Apr 1998
USA,1998-05,69.80042,May 1998
USA,1998-06,69.59034,Jun 1998
USA,1998-07,69.59034,Jul 1998
USA,1998-08,69.53782,Aug 1998
USA,1998-09,69.32773,Sep 1998
USA,1998-10,69.06512,Oct 1998
USA,1998-11,69.0126,Nov 1998
USA,1998-12,68.85504,Dec 1998
USA,1999-01,68.75,Jan 1999
USA,1999-02,68.59244,Feb 1999
USA,1999-03,68.59244,Mar 1999
USA,1999-04,68.64496,Apr 1999
USA,1999-05,68.85504,May 1999
USA,1999-06,69.06512,Jun 1999
USA,1999-07,69.27521,Jul 1999
USA,1999-08,69.48529,Aug 1999
USA,1999-09,69.59034,Sep 1999
USA,1999-10,69.80042,Oct 1999
USA,1999-11,69.85294,Nov 1999
USA,1999-12,69.85294,Dec 1999
USA,2000-01,70.11555,Jan 2000
USA,2000-02,70.32563,Feb 2000
USA,2000-03,70.64075,Mar 2000
USA,2000-04,70.95588,Apr 2000
USA,2000-05,71.06092,May 2000
USA,2000-06,71.16597,Jun 2000
USA,2000-07,71.27101,Jul 2000
USA,2000-08,71.06092,Aug 2000
USA,2000-09,71.11345,Sep 2000
USA,2000-10,71.11345,Oct 2000
USA,2000-11,71.0084,Nov 2000
USA,2000-12,71.11345,Dec 2000
USA,2001-01,71.27101,Jan 2001
USA,2001-02,71.37605,Feb 2001
USA,2001-03,71.42857,Mar 2001
USA,2001-04,71.37605,Apr 2001
USA,2001-05,71.42857,May 2001
USA,2001-06,71.37605,Jun 2001
USA,2001-07,71.06092,Jul 2001
USA,2001-08,70.85084,Aug 2001
USA,2001-09,70.79832,Sep 2001
USA,2001-10,70.48319,Oct 2001
USA,2001-11,70.27311,Nov 2001
USA,2001-12,70.06303,Dec 2001
USA,2002-01,70.01051,Jan 2002
USA,2002-02,70.01051,Feb 2002
USA,2002-03,70.27311,Mar 2002
USA,2002-04,70.37815,Apr 2002
USA,2002-05,70.37815,May 2002
USA,2002-06,70.58823,Jun 2002
USA,2002-07,70.79832,Jul 2002
USA,2002-08,70.90336,Aug 2002
USA,2002-09,71.06092,Sep 2002
USA,2002-10,71.11345,Oct 2002
USA,2002-11,71.16597,Nov 2002
USA,2002-12,71.16597,Dec 2002
USA,2003-01,71.48109,Jan 2003
USA,2003-02,72.0063,Feb 2003
USA,2003-03,72.26891,Mar 2003
USA,2003-04,72.11134,Apr 2003
USA,2003-05,72.21638,May 2003
USA,2003-06,72.26891,Jun 2003
USA,2003-07,72.16386,Jul 2003
USA,2003-08,72.21638,Aug 2003
USA,2003-09,72.47899,Sep 2003
USA,2003-10,72.7416,Oct 2003
USA,2003-11,72.89916,Nov 2003
USA,2003-12,73.0042,Dec 2003
USA,2004-01,73.42437,Jan 2004
USA,2004-02,74.10714,Feb 2004
USA,2004-03,74.78992,Mar 2004
USA,2004-04,75.84034,Apr 2004
USA,2004-05,76.52311,May 2004
USA,2004-06,76.68067,Jun 2004
USA,2004-07,76.89075,Jul 2004
USA,2004-08,77.46849,Aug 2004
USA,2004-09,77.9937,Sep 2004
USA,2004-10,78.2563,Oct 2004
USA,2004-11,78.46638,Nov 2004
USA,2004-12,78.72899,Dec 2004
USA,2005-01,79.35925,Jan 2005
USA,2005-02,79.72689,Feb 2005
USA,2005-03,80.09454,Mar 2005
USA,2005-04,80.14706,Apr 2005
USA,2005-05,80.04202,May 2005
USA,2005-06,79.93697,Jun 2005
USA,2005-07,79.98949,Jul 2005
USA,2005-08,79.93697,Aug 2005
USA,2005-09,80.67227,Sep 2005
USA,2005-10,81.77521,Oct 2005
USA,2005-11,82.09034,Nov 2005
USA,2005-12,82.35294,Dec 2005
USA,2006-01,83.14075,Jan 2006
USA,2006-02,83.35084,Feb 2006
USA,2006-03,83.71849,Mar 2006
USA,2006-04,84.19118,Apr 2006
USA,2006-05,85.08403,May 2006
USA,2006-06,85.55672,Jun 2006
USA,2006-07,86.02941,Jul 2006
USA,2006-08,86.34454,Aug 2006
USA,2006-09,86.29202,Sep 2006
USA,2006-10,86.23949,Oct 2006
USA,2006-11,85.97689,Nov 2006
USA,2006-12,86.08193,Dec 2006
USA,2007-01,86.18697,Jan 2007
USA,2007-02,86.34454,Feb 2007
USA,2007-03,86.76471,Mar 2007
USA,2007-04,87.55252,Apr 2007
USA,2007-05,88.02521,May 2007
USA,2007-06,88.28782,Jun 2007
USA,2007-07,88.65546,Jul 2007
USA,2007-08,88.28782,Aug 2007
USA,2007-09,88.34034,Sep 2007
USA,2007-10,88.70798,Oct 2007
USA,2007-11,89.39075,Nov 2007
USA,2007-12,89.4958,Dec 2007
USA,2008-01,90.4937,Jan 2008
USA,2008-02,91.22899,Feb 2008
USA,2008-03,92.43697,Mar 2008
USA,2008-04,93.69748,Apr 2008
USA,2008-05,95.27311,May 2008
USA,2008-06,96.58614,Jun 2008
USA,2008-07,98.68697,Jul 2008
USA,2008-08,99.21218,Aug 2008
USA,2008-09,99.15966,Sep 2008
USA,2008-10,96.90126,Oct 2008
USA,2008-11,94.43277,Nov 2008
USA,2008-12,92.06933,Dec 2008
USA,2009-01,91.38655,Jan 2009
USA,2009-02,90.70378,Feb 2009
USA,2009-03,90.28362,Mar 2009
USA,2009-04,89.91597,Apr 2009
USA,2009-05,89.96849,May 2009
USA,2009-06,90.23109,Jun 2009
USA,2009-07,90.28362,Jul 2009
USA,2009-08,90.70378,Aug 2009
USA,2009-09,91.12395,Sep 2009
USA,2009-10,91.17647,Oct 2009
USA,2009-11,91.38655,Nov 2009
USA,2009-12,91.91177,Dec 2009
USA,2010-01,92.54202,Jan 2010
USA,2010-02,93.22479,Feb 2010
USA,2010-03,93.75,Mar 2010
USA,2010-04,94.69538,Apr 2010
USA,2010-05,95.06303,May 2010
USA,2010-06,94.53782,Jun 2010
USA,2010-07,94.22269,Jul 2010
USA,2010-08,94.38025,Aug 2010
USA,2010-09,94.69538,Sep 2010
USA,2010-10,95.27311,Oct 2010
USA,2010-11,95.90336,Nov 2010
USA,2010-12,96.37605,Dec 2010
USA,2011-01,97.63655,Jan 2011
USA,2011-02,99.0021,Feb 2011
USA,2011-03,99.89496,Mar 2011
USA,2011-04,101.208,Apr 2011
USA,2011-05,101.7857,May 2011
USA,2011-06,101.9433,Jun 2011
USA,2011-07,102.2059,Jul 2011
USA,2011-08,102.2584,Aug 2011
USA,2011-09,102.3109,Sep 2011
USA,2011-10,101.4706,Oct 2011
USA,2011-11,101.0504,Nov 2011
USA,2011-12,100.4727,Dec 2011
USA,2012-01,100.8929,Jan 2012
USA,2012-02,101.5756,Feb 2012
USA,2012-03,102.3109,Mar 2012
USA,2012-04,102.521,Apr 2012
USA,2012-05,102.3634,May 2012
USA,2012-06,101.4181,Jun 2012
USA,2012-07,101.1555,Jul 2012
USA,2012-08,101.3655,Aug 2012
USA,2012-09,101.7857,Sep 2012
USA,2012-10,101.7857,Oct 2012
USA,2012-11,101.6807,Nov 2012
USA,2012-12,101.7332,Dec 2012
USA,2013-01,102.2584,Jan 2013
USA,2013-02,102.8361,Feb 2013
USA,2013-03,102.7836,Mar 2013
USA,2013-04,102.521,Apr 2013
USA,2013-05,102.5735,May 2013
USA,2013-06,102.521,Jun 2013
USA,2013-07,102.521,Jul 2013
USA,2013-08,102.3634,Aug 2013
USA,2013-09,102.3634,Sep 2013
USA,2013-10,102.1534,Oct 2013
USA,2013-11,101.9433,Nov 2013
USA,2013-12,102.1008,Dec 2013
USA,2014-01,102.6261,Jan 2014
USA,2014-02,103.0987,Feb 2014
USA,2014-03,103.1513,Mar 2014
USA,2014-04,103.729,Apr 2014
USA,2014-05,103.6765,May 2014
USA,2014-06,103.7815,Jun 2014
USA,2014-07,103.9916,Jul 2014
USA,2014-08,104.1492,Aug 2014
USA,2014-09,104.0966,Sep 2014
USA,2014-10,103.5714,Oct 2014
USA,2014-11,103.0462,Nov 2014
USA,2014-12,102.3634,Dec 2014
USA,2015-01,101.2605,Jan 2015
USA,2015-02,100.8403,Feb 2015
USA,2015-03,100.5777,Mar 2015
USA,2015-04,100.4202,Apr 2015
USA,2015-05,100.5252,May 2015
USA,2015-06,100.7353,Jun 2015
USA,2015-07,100.5777,Jul 2015
USA,2015-08,100.105,Aug 2015
USA,2015-09,99.36975,Sep 2015
USA,2015-10,99.0021,Oct 2015
USA,2015-11,98.58193,Nov 2015
USA,2015-12,98.0042,Dec 2015
USA,2016-01,97.58403,Jan 2016
USA,2016-02,97.42647,Feb 2016
USA,2016-03,97.47899,Mar 2016
USA,2016-04,97.84664,Apr 2016
USA,2016-05,98.26681,May 2016
USA,2016-06,98.58193,Jun 2016
USA,2016-07,98.63445,Jul 2016
USA,2016-08,98.73949,Aug 2016
USA,2016-09,98.73949,Sep 2016
USA,2016-10,98.73949,Oct 2016
USA,2016-11,98.94958,Nov 2016
USA,2016-12,99.31723,Dec 2016
USA,2017-01,99.68488,Jan 2017
USA,2017-02,100.4202,Feb 2017
USA,2017-03,100.9454,Mar 2017
USA,2017-04,101.3655,Apr 2017
USA,2017-05,101.4706,May 2017
USA,2017-06,101.6807,Jun 2017
USA,2017-07,101.4706,Jul 2017
USA,2017-08,101.7332,Aug 2017
USA,2017-09,101.8908,Sep 2017
USA,2017-10,102.2584,Oct 2017
USA,2017-11,102.5735,Nov 2017
USA,2017-12,102.6786,Dec 2017
USA,2018-01,103.2038,Jan 2018
USA,2018-02,103.8866,Feb 2018
USA,2018-03,104.5693,Mar 2018
USA,2018-04,104.937,Apr 2018
USA,2018-05,105.7773,May 2018
USA,2018-06,106.0924,Jun 2018
USA,2018-07,106.1975,Jul 2018
USA,2018-08,106.4601,Aug 2018
USA,2018-09,106.6702,Sep 2018
USA,2018-10,106.7752,Oct 2018
USA,2018-11,106.4076,Nov 2018
USA,2018-12,105.8824,Dec 2018
USA,2019-01,105.9874,Jan 2019
USA,2019-02,105.8824,Feb 2019
USA,2019-03,105.8824,Mar 2019
USA,2019-04,105.9349,Apr 2019
USA,2019-05,105.7248,May 2019
USA,2019-06,105.4097,Jun 2019
USA,2019-07,105.1471,Jul 2019
USA,2019-08,104.8319,Aug 2019
USA,2019-09,104.6218,Sep 2019
USA,2019-10,104.8845,Oct 2019
USA,2019-11,104.7794,Nov 2019
USA,2019-12,104.5168,Dec 2019
USA,2020-01,104.6218,Jan 2020
USA,2020-02,104.4643,Feb 2020
USA,2020-03,104.4118,Mar 2020
USA,2020-04,103.0987,Apr 2020
USA,2020-05,103.3613,May 2020
USA,2020-06,103.0987,Jun 2020
USA,2020-07,103.5714,Jul 2020
USA,2020-08,104.1492,Aug 2020
USA,2020-09,104.8845,Sep 2020
USA,2020-10,105.3046,Oct 2020
USA,2020-11,105.7248,Nov 2020
USA,2020-12,106.8802,Dec 2020
USA,2021-01,108.8235,Jan 2021
USA,2021-02,111.0294,Feb 2021
USA,2021-03,114.0231,Mar 2021
USA,2021-04,117.437,Apr 2021
USA,2021-05,120.7458,May 2021
USA,2021-06,123.1092,Jun 2021
USA,2021-07,124.4034,Jul 2021
USA,2021-08,125.8624,Aug 2021
USA,2021-09,126.9097,Sep 2021
USA,2021-10,128.6166,Oct 2021
USA,2021-11,130.1513,Nov 2021
USA,2021-12,130.8073,Dec 2021
USA,2022-01,133.0105,Jan 2022
USA,2022-02,133.8319,Feb 2022
USA,2022-03,135.3876,Mar 2022
USA,2022-04,137.3708,Apr 2022
USA,2022-05,139.8256,May 2022
USA,2022-06,139.9506,Jun 2022
USA,2022-07,139.3151,Jul 2022
USA,2022-08,138.4617,Aug 2022
USA,2022-09,137.2894,Sep 2022
USA,2022-10,136.2637,Oct 2022
USA,2022-11,136.1035,Nov 2022
USA,2022-12,135.2826,Dec 2022
