location,time,ppi_dom_fin_stage,date
JPN,1970-01,73.55531,Jan 1970
JPN,1970-02,73.55531,Feb 1970
JPN,1970-03,73.55531,Mar 1970
JPN,1970-04,73.76106,Apr 1970
JPN,1970-05,73.86394,May 1970
JPN,1970-06,73.96681,Jun 1970
JPN,1970-07,73.96681,Jul 1970
JPN,1970-08,74.27544,Aug 1970
JPN,1970-09,74.78981,Sep 1970
JPN,1970-10,75.09843,Oct 1970
JPN,1970-11,75.20131,Nov 1970
JPN,1970-12,75.40706,Dec 1970
JPN,1971-01,75.20131,Jan 1971
JPN,1971-02,75.20131,Feb 1971
JPN,1971-03,75.20131,Mar 1971
JPN,1971-04,75.20131,Apr 1971
JPN,1971-05,75.40706,May 1971
JPN,1971-06,75.50993,Jun 1971
JPN,1971-07,75.40706,Jul 1971
JPN,1971-08,75.81856,Aug 1971
JPN,1971-09,75.81856,Sep 1971
JPN,1971-10,75.71568,Oct 1971
JPN,1971-11,75.71568,Nov 1971
JPN,1971-12,75.81856,Dec 1971
JPN,1972-01,75.50993,Jan 1972
JPN,1972-02,75.61281,Feb 1972
JPN,1972-03,75.81856,Mar 1972
JPN,1972-04,75.92142,Apr 1972
JPN,1972-05,75.92142,May 1972
JPN,1972-06,75.92142,Jun 1972
JPN,1972-07,76.0243,Jul 1972
JPN,1972-08,76.4358,Aug 1972
JPN,1972-09,76.53867,Sep 1972
JPN,1972-10,76.8473,Oct 1972
JPN,1972-11,77.15592,Nov 1972
JPN,1972-12,77.56742,Dec 1972
JPN,1973-01,78.08179,Jan 1973
JPN,1973-02,79.00767,Feb 1973
JPN,1973-03,80.96228,Mar 1973
JPN,1973-04,81.47665,Apr 1973
JPN,1973-05,81.88815,May 1973
JPN,1973-06,83.01978,Jun 1973
JPN,1973-07,83.53415,Jul 1973
JPN,1973-08,84.56289,Aug 1973
JPN,1973-09,85.69451,Sep 1973
JPN,1973-10,86.82613,Oct 1973
JPN,1973-11,88.36925,Nov 1973
JPN,1973-12,91.96986,Dec 1973
JPN,1974-01,96.49634,Jan 1974
JPN,1974-02,100.097,Feb 1974
JPN,1974-03,100.5084,Mar 1974
JPN,1974-04,101.1257,Apr 1974
JPN,1974-05,101.5372,May 1974
JPN,1974-06,102.1544,Jun 1974
JPN,1974-07,103.8004,Jul 1974
JPN,1974-08,104.1091,Aug 1974
JPN,1974-09,104.8292,Sep 1974
JPN,1974-10,105.8579,Oct 1974
JPN,1974-11,106.9895,Nov 1974
JPN,1974-12,107.5039,Dec 1974
JPN,1975-01,107.5039,Jan 1975
JPN,1975-02,107.5039,Feb 1975
JPN,1975-03,108.1212,Mar 1975
JPN,1975-04,108.224,Apr 1975
JPN,1975-05,108.224,May 1975
JPN,1975-06,108.224,Jun 1975
JPN,1975-07,108.6355,Jul 1975
JPN,1975-08,108.8413,Aug 1975
JPN,1975-09,109.3557,Sep 1975
JPN,1975-10,109.5614,Oct 1975
JPN,1975-11,109.5614,Nov 1975
JPN,1975-12,110.0758,Dec 1975
JPN,1976-01,111.1045,Jan 1976
JPN,1976-02,111.7218,Feb 1976
JPN,1976-03,111.9275,Mar 1976
JPN,1976-04,112.1333,Apr 1976
JPN,1976-05,112.2362,May 1976
JPN,1976-06,112.339,Jun 1976
JPN,1976-07,113.0591,Jul 1976
JPN,1976-08,113.4706,Aug 1976
JPN,1976-09,114.0879,Sep 1976
JPN,1976-10,114.2936,Oct 1976
JPN,1976-11,114.6023,Nov 1976
JPN,1976-12,115.3224,Dec 1976
JPN,1977-01,115.4253,Jan 1977
JPN,1977-02,115.8368,Feb 1977
JPN,1977-03,116.2483,Mar 1977
JPN,1977-04,116.2483,Apr 1977
JPN,1977-05,116.5569,May 1977
JPN,1977-06,116.8655,Jun 1977
JPN,1977-07,116.8655,Jul 1977
JPN,1977-08,117.0713,Aug 1977
JPN,1977-09,117.4827,Sep 1977
JPN,1977-10,117.4827,Oct 1977
JPN,1977-11,117.5856,Nov 1977
JPN,1977-12,117.5856,Dec 1977
JPN,1978-01,117.277,Jan 1978
JPN,1978-02,117.277,Feb 1978
JPN,1978-03,117.277,Mar 1978
JPN,1978-04,117.277,Apr 1978
JPN,1978-05,117.5856,May 1978
JPN,1978-06,117.9971,Jun 1978
JPN,1978-07,118.2029,Jul 1978
JPN,1978-08,118.2029,Aug 1978
JPN,1978-09,118.3057,Sep 1978
JPN,1978-10,118.2029,Oct 1978
JPN,1978-11,117.6885,Nov 1978
JPN,1978-12,117.6885,Dec 1978
JPN,1979-01,117.5856,Jan 1979
JPN,1979-02,117.5856,Feb 1979
JPN,1979-03,117.9971,Mar 1979
JPN,1979-04,118.3057,Apr 1979
JPN,1979-05,118.5115,May 1979
JPN,1979-06,119.2316,Jun 1979
JPN,1979-07,119.6431,Jul 1979
JPN,1979-08,119.9517,Aug 1979
JPN,1979-09,120.6719,Sep 1979
JPN,1979-10,121.1862,Oct 1979
JPN,1979-11,121.392,Nov 1979
JPN,1979-12,121.9064,Dec 1979
JPN,1980-01,123.4495,Jan 1980
JPN,1980-02,123.9639,Feb 1980
JPN,1980-03,124.7868,Mar 1980
JPN,1980-04,125.9185,Apr 1980
JPN,1980-05,127.153,May 1980
JPN,1980-06,127.976,Jun 1980
JPN,1980-07,128.5932,Jul 1980
JPN,1980-08,129.0047,Aug 1980
JPN,1980-09,129.4162,Sep 1980
JPN,1980-10,129.7248,Oct 1980
JPN,1980-11,129.9306,Nov 1980
JPN,1980-12,130.1363,Dec 1980
JPN,1981-01,130.1363,Jan 1981
JPN,1981-02,130.4449,Feb 1981
JPN,1981-03,130.5478,Mar 1981
JPN,1981-04,130.4449,Apr 1981
JPN,1981-05,131.1651,May 1981
JPN,1981-06,130.5478,Jun 1981
JPN,1981-07,130.6507,Jul 1981
JPN,1981-08,131.2679,Aug 1981
JPN,1981-09,131.4737,Sep 1981
JPN,1981-10,131.3708,Oct 1981
JPN,1981-11,131.6794,Nov 1981
JPN,1981-12,131.9881,Dec 1981
JPN,1982-01,131.6794,Jan 1982
JPN,1982-02,131.7823,Feb 1982
JPN,1982-03,131.7823,Mar 1982
JPN,1982-04,131.8852,Apr 1982
JPN,1982-05,131.8852,May 1982
JPN,1982-06,131.8852,Jun 1982
JPN,1982-07,131.8852,Jul 1982
JPN,1982-08,132.0909,Aug 1982
JPN,1982-09,132.2967,Sep 1982
JPN,1982-10,132.1938,Oct 1982
JPN,1982-11,132.1938,Nov 1982
JPN,1982-12,132.0909,Dec 1982
JPN,1983-01,131.7823,Jan 1983
JPN,1983-02,131.8852,Feb 1983
JPN,1983-03,131.9881,Mar 1983
JPN,1983-04,131.2679,Apr 1983
JPN,1983-05,131.8852,May 1983
JPN,1983-06,131.9881,Jun 1983
JPN,1983-07,132.0909,Jul 1983
JPN,1983-08,132.0909,Aug 1983
JPN,1983-09,132.1938,Sep 1983
JPN,1983-10,132.2967,Oct 1983
JPN,1983-11,132.2967,Nov 1983
JPN,1983-12,132.6053,Dec 1983
JPN,1984-01,132.3996,Jan 1984
JPN,1984-02,133.0168,Feb 1984
JPN,1984-03,132.6053,Mar 1984
JPN,1984-04,132.3996,Apr 1984
JPN,1984-05,133.0168,May 1984
JPN,1984-06,132.9139,Jun 1984
JPN,1984-07,133.0168,Jul 1984
JPN,1984-08,133.0168,Aug 1984
JPN,1984-09,133.3254,Sep 1984
JPN,1984-10,133.0168,Oct 1984
JPN,1984-11,133.2226,Nov 1984
JPN,1984-12,133.3254,Dec 1984
JPN,1985-01,133.6341,Jan 1985
JPN,1985-02,133.7369,Feb 1985
JPN,1985-03,133.0168,Mar 1985
JPN,1985-04,133.0168,Apr 1985
JPN,1985-05,132.9139,May 1985
JPN,1985-06,132.8111,Jun 1985
JPN,1985-07,132.6053,Jul 1985
JPN,1985-08,132.6053,Aug 1985
JPN,1985-09,132.5024,Sep 1985
JPN,1985-10,132.2967,Oct 1985
JPN,1985-11,132.1938,Nov 1985
JPN,1985-12,132.2967,Dec 1985
JPN,1986-01,131.9881,Jan 1986
JPN,1986-02,131.8852,Feb 1986
JPN,1986-03,131.8852,Mar 1986
JPN,1986-04,131.1651,Apr 1986
JPN,1986-05,131.2679,May 1986
JPN,1986-06,131.1651,Jun 1986
JPN,1986-07,130.8564,Jul 1986
JPN,1986-08,130.5478,Aug 1986
JPN,1986-09,130.2392,Sep 1986
JPN,1986-10,129.5191,Oct 1986
JPN,1986-11,129.5191,Nov 1986
JPN,1986-12,129.4162,Dec 1986
JPN,1987-01,128.9018,Jan 1987
JPN,1987-02,128.799,Feb 1987
JPN,1987-03,128.6961,Mar 1987
JPN,1987-04,128.4903,Apr 1987
JPN,1987-05,128.2846,May 1987
JPN,1987-06,128.1817,Jun 1987
JPN,1987-07,127.5645,Jul 1987
JPN,1987-08,127.8731,Aug 1987
JPN,1987-09,127.5645,Sep 1987
JPN,1987-10,127.4616,Oct 1987
JPN,1987-11,127.2558,Nov 1987
JPN,1987-12,127.3587,Dec 1987
JPN,1988-01,126.9472,Jan 1988
JPN,1988-02,126.9472,Feb 1988
JPN,1988-03,126.9472,Mar 1988
JPN,1988-04,126.5357,Apr 1988
JPN,1988-05,126.4328,May 1988
JPN,1988-06,126.33,Jun 1988
JPN,1988-07,126.4328,Jul 1988
JPN,1988-08,126.4328,Aug 1988
JPN,1988-09,126.4328,Sep 1988
JPN,1988-10,126.33,Oct 1988
JPN,1988-11,126.0213,Nov 1988
JPN,1988-12,126.0213,Dec 1988
JPN,1989-01,125.8156,Jan 1989
JPN,1989-02,126.4328,Feb 1989
JPN,1989-03,126.5357,Mar 1989
JPN,1989-04,127.0501,Apr 1989
JPN,1989-05,127.153,May 1989
JPN,1989-06,127.153,Jun 1989
JPN,1989-07,127.153,Jul 1989
JPN,1989-08,127.153,Aug 1989
JPN,1989-09,127.2558,Sep 1989
JPN,1989-10,127.153,Oct 1989
JPN,1989-11,127.153,Nov 1989
JPN,1989-12,127.153,Dec 1989
JPN,1990-01,127.4616,Jan 1990
JPN,1990-02,127.5645,Feb 1990
JPN,1990-03,127.5645,Mar 1990
JPN,1990-04,127.4616,Apr 1990
JPN,1990-05,127.2558,May 1990
JPN,1990-06,127.4616,Jun 1990
JPN,1990-07,127.5645,Jul 1990
JPN,1990-08,128.1817,Aug 1990
JPN,1990-09,128.4903,Sep 1990
JPN,1990-10,128.6961,Oct 1990
JPN,1990-11,128.799,Nov 1990
JPN,1990-12,128.6961,Dec 1990
JPN,1991-01,128.6961,Jan 1991
JPN,1991-02,128.799,Feb 1991
JPN,1991-03,128.9018,Mar 1991
JPN,1991-04,128.9018,Apr 1991
JPN,1991-05,129.0047,May 1991
JPN,1991-06,128.9018,Jun 1991
JPN,1991-07,128.9018,Jul 1991
JPN,1991-08,129.0047,Aug 1991
JPN,1991-09,129.0047,Sep 1991
JPN,1991-10,129.1076,Oct 1991
JPN,1991-11,129.3133,Nov 1991
JPN,1991-12,129.4162,Dec 1991
JPN,1992-01,129.5191,Jan 1992
JPN,1992-02,129.6219,Feb 1992
JPN,1992-03,129.6219,Mar 1992
JPN,1992-04,129.5191,Apr 1992
JPN,1992-05,129.5191,May 1992
JPN,1992-06,129.5191,Jun 1992
JPN,1992-07,129.5191,Jul 1992
JPN,1992-08,129.5191,Aug 1992
JPN,1992-09,129.6219,Sep 1992
JPN,1992-10,129.4162,Oct 1992
JPN,1992-11,129.3133,Nov 1992
JPN,1992-12,129.3133,Dec 1992
JPN,1993-01,129.0047,Jan 1993
JPN,1993-02,129.0047,Feb 1993
JPN,1993-03,128.799,Mar 1993
JPN,1993-04,128.799,Apr 1993
JPN,1993-05,128.5932,May 1993
JPN,1993-06,128.4903,Jun 1993
JPN,1993-07,128.3875,Jul 1993
JPN,1993-08,128.2846,Aug 1993
JPN,1993-09,128.3875,Sep 1993
JPN,1993-10,128.1817,Oct 1993
JPN,1993-11,128.1817,Nov 1993
JPN,1993-12,128.1817,Dec 1993
JPN,1994-01,127.5645,Jan 1994
JPN,1994-02,127.5645,Feb 1994
JPN,1994-03,127.4616,Mar 1994
JPN,1994-04,127.2558,Apr 1994
JPN,1994-05,127.2558,May 1994
JPN,1994-06,127.153,Jun 1994
JPN,1994-07,126.9472,Jul 1994
JPN,1994-08,126.9472,Aug 1994
JPN,1994-09,126.6386,Sep 1994
JPN,1994-10,126.1242,Oct 1994
JPN,1994-11,125.9185,Nov 1994
JPN,1994-12,125.9185,Dec 1994
JPN,1995-01,126.1242,Jan 1995
JPN,1995-02,126.0213,Feb 1995
JPN,1995-03,125.507,Mar 1995
JPN,1995-04,125.4041,Apr 1995
JPN,1995-05,125.3012,May 1995
JPN,1995-06,125.1983,Jun 1995
JPN,1995-07,125.0955,Jul 1995
JPN,1995-08,124.7868,Aug 1995
JPN,1995-09,124.684,Sep 1995
JPN,1995-10,124.1696,Oct 1995
JPN,1995-11,124.0667,Nov 1995
JPN,1995-12,124.0667,Dec 1995
JPN,1996-01,123.7581,Jan 1996
JPN,1996-02,123.6552,Feb 1996
JPN,1996-03,123.1409,Mar 1996
JPN,1996-04,122.9351,Apr 1996
JPN,1996-05,122.8322,May 1996
JPN,1996-06,122.5236,Jun 1996
JPN,1996-07,122.3179,Jul 1996
JPN,1996-08,122.0092,Aug 1996
JPN,1996-09,122.0092,Sep 1996
JPN,1996-10,121.8035,Oct 1996
JPN,1996-11,121.8035,Nov 1996
JPN,1996-12,121.9064,Dec 1996
JPN,1997-01,121.5977,Jan 1997
JPN,1997-02,121.5977,Feb 1997
JPN,1997-03,121.4949,Mar 1997
JPN,1997-04,121.2891,Apr 1997
JPN,1997-05,120.7747,May 1997
JPN,1997-06,120.569,Jun 1997
JPN,1997-07,120.4661,Jul 1997
JPN,1997-08,120.1575,Aug 1997
JPN,1997-09,120.1575,Sep 1997
JPN,1997-10,119.8489,Oct 1997
JPN,1997-11,119.6431,Nov 1997
JPN,1997-12,119.6431,Dec 1997
JPN,1998-01,119.4374,Jan 1998
JPN,1998-02,119.4374,Feb 1998
JPN,1998-03,119.0259,Mar 1998
JPN,1998-04,118.8201,Apr 1998
JPN,1998-05,118.8201,May 1998
JPN,1998-06,118.8201,Jun 1998
JPN,1998-07,118.8201,Jul 1998
JPN,1998-08,118.7172,Aug 1998
JPN,1998-09,118.8201,Sep 1998
JPN,1998-10,118.7172,Oct 1998
JPN,1998-11,118.4086,Nov 1998
JPN,1998-12,118.5115,Dec 1998
JPN,1999-01,118.3057,Jan 1999
JPN,1999-02,118.2029,Feb 1999
JPN,1999-03,118.2029,Mar 1999
JPN,1999-04,117.9971,Apr 1999
JPN,1999-05,117.9971,May 1999
JPN,1999-06,117.8942,Jun 1999
JPN,1999-07,117.6885,Jul 1999
JPN,1999-08,117.8942,Aug 1999
JPN,1999-09,117.8942,Sep 1999
JPN,1999-10,117.5856,Oct 1999
JPN,1999-11,117.277,Nov 1999
JPN,1999-12,117.277,Dec 1999
JPN,2000-01,118.1,Jan 2000
JPN,2000-02,118.1,Feb 2000
JPN,2000-03,117.9,Mar 2000
JPN,2000-04,117.2,Apr 2000
JPN,2000-05,116.9,May 2000
JPN,2000-06,116.9,Jun 2000
JPN,2000-07,116.6,Jul 2000
JPN,2000-08,116.3,Aug 2000
JPN,2000-09,115.8,Sep 2000
JPN,2000-10,115.5,Oct 2000
JPN,2000-11,115.3,Nov 2000
JPN,2000-12,115.1,Dec 2000
JPN,2001-01,114.4,Jan 2001
JPN,2001-02,114.4,Feb 2001
JPN,2001-03,114.2,Mar 2001
JPN,2001-04,113.8,Apr 2001
JPN,2001-05,113.4,May 2001
JPN,2001-06,113.2,Jun 2001
JPN,2001-07,112.9,Jul 2001
JPN,2001-08,112.8,Aug 2001
JPN,2001-09,112.5,Sep 2001
JPN,2001-10,112.2,Oct 2001
JPN,2001-11,112,Nov 2001
JPN,2001-12,111.7,Dec 2001
JPN,2002-01,111.1,Jan 2002
JPN,2002-02,111.1,Feb 2002
JPN,2002-03,111,Mar 2002
JPN,2002-04,110.8,Apr 2002
JPN,2002-05,110.6,May 2002
JPN,2002-06,110.4,Jun 2002
JPN,2002-07,110,Jul 2002
JPN,2002-08,109.8,Aug 2002
JPN,2002-09,109.7,Sep 2002
JPN,2002-10,109.5,Oct 2002
JPN,2002-11,109.4,Nov 2002
JPN,2002-12,109,Dec 2002
JPN,2003-01,108.8,Jan 2003
JPN,2003-02,108.7,Feb 2003
JPN,2003-03,108.6,Mar 2003
JPN,2003-04,108.3,Apr 2003
JPN,2003-05,107.9,May 2003
JPN,2003-06,107.6,Jun 2003
JPN,2003-07,107.7,Jul 2003
JPN,2003-08,107.7,Aug 2003
JPN,2003-09,107.7,Sep 2003
JPN,2003-10,107.7,Oct 2003
JPN,2003-11,107.7,Nov 2003
JPN,2003-12,107.9,Dec 2003
JPN,2004-01,107.7,Jan 2004
JPN,2004-02,107.6,Feb 2004
JPN,2004-03,107.3,Mar 2004
JPN,2004-04,107.1,Apr 2004
JPN,2004-05,107.1,May 2004
JPN,2004-06,107.2,Jun 2004
JPN,2004-07,107,Jul 2004
JPN,2004-08,106.9,Aug 2004
JPN,2004-09,107,Sep 2004
JPN,2004-10,106.5,Oct 2004
JPN,2004-11,106.4,Nov 2004
JPN,2004-12,106.2,Dec 2004
JPN,2005-01,106.1,Jan 2005
JPN,2005-02,106.2,Feb 2005
JPN,2005-03,106.3,Mar 2005
JPN,2005-04,106.4,Apr 2005
JPN,2005-05,106.2,May 2005
JPN,2005-06,106,Jun 2005
JPN,2005-07,106.1,Jul 2005
JPN,2005-08,106,Aug 2005
JPN,2005-09,106.2,Sep 2005
JPN,2005-10,106,Oct 2005
JPN,2005-11,105.8,Nov 2005
JPN,2005-12,105.9,Dec 2005
JPN,2006-01,105.6,Jan 2006
JPN,2006-02,105.7,Feb 2006
JPN,2006-03,105.6,Mar 2006
JPN,2006-04,105.3,Apr 2006
JPN,2006-05,105.2,May 2006
JPN,2006-06,105.1,Jun 2006
JPN,2006-07,105.2,Jul 2006
JPN,2006-08,105.5,Aug 2006
JPN,2006-09,105.5,Sep 2006
JPN,2006-10,105.2,Oct 2006
JPN,2006-11,105.1,Nov 2006
JPN,2006-12,105.1,Dec 2006
JPN,2007-01,104.6,Jan 2007
JPN,2007-02,104.4,Feb 2007
JPN,2007-03,104.4,Mar 2007
JPN,2007-04,104.6,Apr 2007
JPN,2007-05,104.7,May 2007
JPN,2007-06,104.6,Jun 2007
JPN,2007-07,104.8,Jul 2007
JPN,2007-08,104.8,Aug 2007
JPN,2007-09,104.7,Sep 2007
JPN,2007-10,104.8,Oct 2007
JPN,2007-11,105.1,Nov 2007
JPN,2007-12,105.5,Dec 2007
JPN,2008-01,105.3,Jan 2008
JPN,2008-02,105.6,Feb 2008
JPN,2008-03,105.9,Mar 2008
JPN,2008-04,105,Apr 2008
JPN,2008-05,106.1,May 2008
JPN,2008-06,106.7,Jun 2008
JPN,2008-07,107.3,Jul 2008
JPN,2008-08,107.5,Aug 2008
JPN,2008-09,107.3,Sep 2008
JPN,2008-10,106.5,Oct 2008
JPN,2008-11,105.5,Nov 2008
JPN,2008-12,104.8,Dec 2008
JPN,2009-01,104.1,Jan 2009
JPN,2009-02,104.1,Feb 2009
JPN,2009-03,103.9,Mar 2009
JPN,2009-04,103.9,Apr 2009
JPN,2009-05,103.9,May 2009
JPN,2009-06,103.8,Jun 2009
JPN,2009-07,103.8,Jul 2009
JPN,2009-08,103.6,Aug 2009
JPN,2009-09,103.7,Sep 2009
JPN,2009-10,103.6,Oct 2009
JPN,2009-11,103.5,Nov 2009
JPN,2009-12,103.6,Dec 2009
JPN,2010-01,103.9,Jan 2010
JPN,2010-02,103.7,Feb 2010
JPN,2010-03,103.6,Mar 2010
JPN,2010-04,102.8,Apr 2010
JPN,2010-05,102.7,May 2010
JPN,2010-06,102.6,Jun 2010
JPN,2010-07,102.2,Jul 2010
JPN,2010-08,102.2,Aug 2010
JPN,2010-09,102.1,Sep 2010
JPN,2010-10,102.7,Oct 2010
JPN,2010-11,102.5,Nov 2010
JPN,2010-12,102.8,Dec 2010
JPN,2011-01,102.6,Jan 2011
JPN,2011-02,102.5,Feb 2011
JPN,2011-03,103.2,Mar 2011
JPN,2011-04,103.3,Apr 2011
JPN,2011-05,102.6,May 2011
JPN,2011-06,102.5,Jun 2011
JPN,2011-07,102.4,Jul 2011
JPN,2011-08,102.3,Aug 2011
JPN,2011-09,102.1,Sep 2011
JPN,2011-10,101.7,Oct 2011
JPN,2011-11,101.6,Nov 2011
JPN,2011-12,101.4,Dec 2011
JPN,2012-01,101.4,Jan 2012
JPN,2012-02,101.6,Feb 2012
JPN,2012-03,102.2,Mar 2012
JPN,2012-04,101.8,Apr 2012
JPN,2012-05,101.4,May 2012
JPN,2012-06,100.8,Jun 2012
JPN,2012-07,100.4,Jul 2012
JPN,2012-08,100.5,Aug 2012
JPN,2012-09,100.8,Sep 2012
JPN,2012-10,101,Oct 2012
JPN,2012-11,100.8,Nov 2012
JPN,2012-12,101.2,Dec 2012
JPN,2013-01,100.9,Jan 2013
JPN,2013-02,101.1,Feb 2013
JPN,2013-03,101.2,Mar 2013
JPN,2013-04,101.2,Apr 2013
JPN,2013-05,100.8,May 2013
JPN,2013-06,100.9,Jun 2013
JPN,2013-07,100.9,Jul 2013
JPN,2013-08,101.1,Aug 2013
JPN,2013-09,101.3,Sep 2013
JPN,2013-10,101.2,Oct 2013
JPN,2013-11,101.2,Nov 2013
JPN,2013-12,101.3,Dec 2013
JPN,2014-01,101.2,Jan 2014
JPN,2014-02,101.1,Feb 2014
JPN,2014-03,101.3,Mar 2014
JPN,2014-04,101,Apr 2014
JPN,2014-05,101.1,May 2014
JPN,2014-06,101.1,Jun 2014
JPN,2014-07,101.1,Jul 2014
JPN,2014-08,101.1,Aug 2014
JPN,2014-09,101.2,Sep 2014
JPN,2014-10,100.9,Oct 2014
JPN,2014-11,100.7,Nov 2014
JPN,2014-12,100.3,Dec 2014
JPN,2015-01,99.5,Jan 2015
JPN,2015-02,99.7,Feb 2015
JPN,2015-03,99.9,Mar 2015
JPN,2015-04,100.1,Apr 2015
JPN,2015-05,100.3,May 2015
JPN,2015-06,100.4,Jun 2015
JPN,2015-07,100.3,Jul 2015
JPN,2015-08,100,Aug 2015
JPN,2015-09,100,Sep 2015
JPN,2015-10,100.1,Oct 2015
JPN,2015-11,100.1,Nov 2015
JPN,2015-12,99.7,Dec 2015
JPN,2016-01,99,Jan 2016
JPN,2016-02,98.9,Feb 2016
JPN,2016-03,99,Mar 2016
JPN,2016-04,98.8,Apr 2016
JPN,2016-05,98.7,May 2016
JPN,2016-06,99,Jun 2016
JPN,2016-07,98.7,Jul 2016
JPN,2016-08,98.5,Aug 2016
JPN,2016-09,98.6,Sep 2016
JPN,2016-10,98.8,Oct 2016
JPN,2016-11,98.9,Nov 2016
JPN,2016-12,99.2,Dec 2016
JPN,2017-01,99,Jan 2017
JPN,2017-02,98.9,Feb 2017
JPN,2017-03,99.2,Mar 2017
JPN,2017-04,99.5,Apr 2017
JPN,2017-05,99.1,May 2017
JPN,2017-06,99.1,Jun 2017
JPN,2017-07,99.1,Jul 2017
JPN,2017-08,99,Aug 2017
JPN,2017-09,99.1,Sep 2017
JPN,2017-10,99.5,Oct 2017
JPN,2017-11,99.9,Nov 2017
JPN,2017-12,100.1,Dec 2017
JPN,2018-01,99.9,Jan 2018
JPN,2018-02,99.7,Feb 2018
JPN,2018-03,99.6,Mar 2018
JPN,2018-04,99.4,Apr 2018
JPN,2018-05,99.8,May 2018
JPN,2018-06,99.9,Jun 2018
JPN,2018-07,99.9,Jul 2018
JPN,2018-08,99.9,Aug 2018
JPN,2018-09,99.9,Sep 2018
JPN,2018-10,100.5,Oct 2018
JPN,2018-11,100.1,Nov 2018
JPN,2018-12,99.3,Dec 2018
JPN,2019-01,99,Jan 2019
JPN,2019-02,99.3,Feb 2019
JPN,2019-03,99.4,Mar 2019
JPN,2019-04,99.9,Apr 2019
JPN,2019-05,100,May 2019
JPN,2019-06,99.6,Jun 2019
JPN,2019-07,99.4,Jul 2019
JPN,2019-08,99.3,Aug 2019
JPN,2019-09,99.3,Sep 2019
JPN,2019-10,99.1,Oct 2019
JPN,2019-11,99.2,Nov 2019
JPN,2019-12,99.3,Dec 2019
JPN,2020-01,99.4,Jan 2020
JPN,2020-02,99,Feb 2020
JPN,2020-03,98.4,Mar 2020
JPN,2020-04,97.6,Apr 2020
JPN,2020-05,97.2,May 2020
JPN,2020-06,97.7,Jun 2020
JPN,2020-07,98,Jul 2020
JPN,2020-08,98.2,Aug 2020
JPN,2020-09,98.1,Sep 2020
JPN,2020-10,98.4,Oct 2020
JPN,2020-11,98.2,Nov 2020
JPN,2020-12,98.7,Dec 2020
JPN,2021-01,98.6,Jan 2021
JPN,2021-02,98.8,Feb 2021
JPN,2021-03,99.4,Mar 2021
JPN,2021-04,99.3,Apr 2021
JPN,2021-05,99.4,May 2021
JPN,2021-06,99.6,Jun 2021
JPN,2021-07,100,Jul 2021
JPN,2021-08,100,Aug 2021
JPN,2021-09,100,Sep 2021
JPN,2021-10,100.8,Oct 2021
JPN,2021-11,100.9,Nov 2021
JPN,2021-12,100.6,Dec 2021
JPN,2022-01,100.8,Jan 2022
JPN,2022-02,101.2,Feb 2022
JPN,2022-03,101.6,Mar 2022
JPN,2022-04,101.3,Apr 2022
KOR,1980-01,33.62,Jan 1980
KOR,1980-02,35.58,Feb 1980
KOR,1980-03,37.04,Mar 1980
KOR,1980-04,37.69,Apr 1980
KOR,1980-05,38.75,May 1980
KOR,1980-06,38.84,Jun 1980
KOR,1980-07,39.41,Jul 1980
KOR,1980-08,40.71,Aug 1980
KOR,1980-09,41.53,Sep 1980
KOR,1980-10,42.18,Oct 1980
KOR,1980-11,42.43,Nov 1980
KOR,1980-12,43.64,Dec 1980
KOR,1981-01,44.22,Jan 1981
KOR,1981-02,44.54,Feb 1981
KOR,1981-03,45.03,Mar 1981
KOR,1981-04,46.17,Apr 1981
KOR,1981-05,47.4,May 1981
KOR,1981-06,47.97,Jun 1981
KOR,1981-07,48.13,Jul 1981
KOR,1981-08,48.46,Aug 1981
KOR,1981-09,48.95,Sep 1981
KOR,1981-10,49.03,Oct 1981
KOR,1981-11,47.97,Nov 1981
KOR,1981-12,47.97,Dec 1981
KOR,1982-01,48.3,Jan 1982
KOR,1982-02,48.79,Feb 1982
KOR,1982-03,48.79,Mar 1982
KOR,1982-04,48.95,Apr 1982
KOR,1982-05,49.19,May 1982
KOR,1982-06,49.03,Jun 1982
KOR,1982-07,49.44,Jul 1982
KOR,1982-08,49.36,Aug 1982
KOR,1982-09,49.85,Sep 1982
KOR,1982-10,49.76,Oct 1982
KOR,1982-11,49.85,Nov 1982
KOR,1982-12,50.26,Dec 1982
KOR,1983-01,50.75,Jan 1983
KOR,1983-02,50.75,Feb 1983
KOR,1983-03,50.5,Mar 1983
KOR,1983-04,50.66,Apr 1983
KOR,1983-05,50.5,May 1983
KOR,1983-06,50.09,Jun 1983
KOR,1983-07,49.93,Jul 1983
KOR,1983-08,50.01,Aug 1983
KOR,1983-09,50.26,Sep 1983
KOR,1983-10,49.93,Oct 1983
KOR,1983-11,49.69,Nov 1983
KOR,1983-12,49.85,Dec 1983
KOR,1984-01,49.93,Jan 1984
KOR,1984-02,50.09,Feb 1984
KOR,1984-03,50.18,Mar 1984
KOR,1984-04,50.58,Apr 1984
KOR,1984-05,50.09,May 1984
KOR,1984-06,49.69,Jun 1984
KOR,1984-07,50.01,Jul 1984
KOR,1984-08,50.91,Aug 1984
KOR,1984-09,52.14,Sep 1984
KOR,1984-10,51.39,Oct 1984
KOR,1984-11,50.99,Nov 1984
KOR,1984-12,51.39,Dec 1984
KOR,1985-01,51.72,Jan 1985
KOR,1985-02,51.72,Feb 1985
KOR,1985-03,51.24,Mar 1985
KOR,1985-04,51.72,Apr 1985
KOR,1985-05,51.64,May 1985
KOR,1985-06,51.56,Jun 1985
KOR,1985-07,51.72,Jul 1985
KOR,1985-08,51.81,Aug 1985
KOR,1985-09,51.97,Sep 1985
KOR,1985-10,52.22,Oct 1985
KOR,1985-11,51.64,Nov 1985
KOR,1985-12,52.14,Dec 1985
KOR,1986-01,52.38,Jan 1986
KOR,1986-02,51.97,Feb 1986
KOR,1986-03,51.81,Mar 1986
KOR,1986-04,51.97,Apr 1986
KOR,1986-05,51.97,May 1986
KOR,1986-06,51.64,Jun 1986
KOR,1986-07,51.64,Jul 1986
KOR,1986-08,51.72,Aug 1986
KOR,1986-09,51.81,Sep 1986
KOR,1986-10,50.91,Oct 1986
KOR,1986-11,50.66,Nov 1986
KOR,1986-12,50.58,Dec 1986
KOR,1987-01,50.66,Jan 1987
KOR,1987-02,50.82,Feb 1987
KOR,1987-03,51.16,Mar 1987
KOR,1987-04,51.81,Apr 1987
KOR,1987-05,52.05,May 1987
KOR,1987-06,51.4,Jun 1987
KOR,1987-07,51.4,Jul 1987
KOR,1987-08,51.81,Aug 1987
KOR,1987-09,52.22,Sep 1987
KOR,1987-10,52.05,Oct 1987
KOR,1987-11,51.81,Nov 1987
KOR,1987-12,52.87,Dec 1987
KOR,1988-01,53.36,Jan 1988
KOR,1988-02,53.84,Feb 1988
KOR,1988-03,54.01,Mar 1988
KOR,1988-04,53.93,Apr 1988
KOR,1988-05,54.25,May 1988
KOR,1988-06,54.5,Jun 1988
KOR,1988-07,54.82,Jul 1988
KOR,1988-08,55.24,Aug 1988
KOR,1988-09,54.9,Sep 1988
KOR,1988-10,54.09,Oct 1988
KOR,1988-11,54.82,Nov 1988
KOR,1988-12,55.15,Dec 1988
KOR,1989-01,54.9,Jan 1989
KOR,1989-02,55.15,Feb 1989
KOR,1989-03,55.15,Mar 1989
KOR,1989-04,55.4,Apr 1989
KOR,1989-05,55.97,May 1989
KOR,1989-06,56.05,Jun 1989
KOR,1989-07,55.64,Jul 1989
KOR,1989-08,56.21,Aug 1989
KOR,1989-09,56.78,Sep 1989
KOR,1989-10,57.03,Oct 1989
KOR,1989-11,56.61,Nov 1989
KOR,1989-12,56.78,Dec 1989
KOR,1990-01,58.1,Jan 1990
KOR,1990-02,58.17,Feb 1990
KOR,1990-03,58.5,Mar 1990
KOR,1990-04,58.99,Apr 1990
KOR,1990-05,59.56,May 1990
KOR,1990-06,59.72,Jun 1990
KOR,1990-07,59.56,Jul 1990
KOR,1990-08,60.05,Aug 1990
KOR,1990-09,60.7,Sep 1990
KOR,1990-10,61.03,Oct 1990
KOR,1990-11,60.78,Nov 1990
KOR,1990-12,61.52,Dec 1990
KOR,1991-01,62.01,Jan 1991
KOR,1991-02,62.49,Feb 1991
KOR,1991-03,62.66,Mar 1991
KOR,1991-04,62.82,Apr 1991
KOR,1991-05,62.66,May 1991
KOR,1991-06,62.66,Jun 1991
KOR,1991-07,62.58,Jul 1991
KOR,1991-08,63.15,Aug 1991
KOR,1991-09,63.15,Sep 1991
KOR,1991-10,63.23,Oct 1991
KOR,1991-11,63.32,Nov 1991
KOR,1991-12,63.63,Dec 1991
KOR,1992-01,63.96,Jan 1992
KOR,1992-02,63.96,Feb 1992
KOR,1992-03,64.13,Mar 1992
KOR,1992-04,64.53,Apr 1992
KOR,1992-05,64.69,May 1992
KOR,1992-06,65.11,Jun 1992
KOR,1992-07,65.51,Jul 1992
KOR,1992-08,65.27,Aug 1992
KOR,1992-09,65.11,Sep 1992
KOR,1992-10,64.95,Oct 1992
KOR,1992-11,64.61,Nov 1992
KOR,1992-12,64.95,Dec 1992
KOR,1993-01,65.27,Jan 1993
KOR,1993-02,65.19,Feb 1993
KOR,1993-03,65.59,Mar 1993
KOR,1993-04,65.59,Apr 1993
KOR,1993-05,65.68,May 1993
KOR,1993-06,65.92,Jun 1993
KOR,1993-07,65.75,Jul 1993
KOR,1993-08,66.16,Aug 1993
KOR,1993-09,66.49,Sep 1993
KOR,1993-10,66.49,Oct 1993
KOR,1993-11,66.57,Nov 1993
KOR,1993-12,67.22,Dec 1993
KOR,1994-01,68.7,Jan 1994
KOR,1994-02,68.95,Feb 1994
KOR,1994-03,68.7,Mar 1994
KOR,1994-04,68.7,Apr 1994
KOR,1994-05,68.45,May 1994
KOR,1994-06,68.7,Jun 1994
KOR,1994-07,68.77,Jul 1994
KOR,1994-08,69.67,Aug 1994
KOR,1994-09,69.18,Sep 1994
KOR,1994-10,68.95,Oct 1994
KOR,1994-11,68.7,Nov 1994
KOR,1994-12,69.11,Dec 1994
KOR,1995-01,69.77,Jan 1995
KOR,1995-02,69.86,Feb 1995
KOR,1995-03,70.46,Mar 1995
KOR,1995-04,70.71,Apr 1995
KOR,1995-05,70.79,May 1995
KOR,1995-06,70.46,Jun 1995
KOR,1995-07,70.28,Jul 1995
KOR,1995-08,70.19,Aug 1995
KOR,1995-09,70.79,Sep 1995
KOR,1995-10,70.19,Oct 1995
KOR,1995-11,69.6,Nov 1995
KOR,1995-12,70.19,Dec 1995
KOR,1996-01,71.05,Jan 1996
KOR,1996-02,71.64,Feb 1996
KOR,1996-03,71.47,Mar 1996
KOR,1996-04,71.81,Apr 1996
KOR,1996-05,71.89,May 1996
KOR,1996-06,72.14,Jun 1996
KOR,1996-07,73,Jul 1996
KOR,1996-08,73,Aug 1996
KOR,1996-09,73.25,Sep 1996
KOR,1996-10,72.91,Oct 1996
KOR,1996-11,72.66,Nov 1996
KOR,1996-12,73.17,Dec 1996
KOR,1997-01,73.84,Jan 1997
KOR,1997-02,74.27,Feb 1997
KOR,1997-03,74.19,Mar 1997
KOR,1997-04,74.27,Apr 1997
KOR,1997-05,74.27,May 1997
KOR,1997-06,74.27,Jun 1997
KOR,1997-07,74.27,Jul 1997
KOR,1997-08,74.44,Aug 1997
KOR,1997-09,74.36,Sep 1997
KOR,1997-10,73.84,Oct 1997
KOR,1997-11,74.1,Nov 1997
KOR,1997-12,76.81,Dec 1997
KOR,1998-01,78.59,Jan 1998
KOR,1998-02,80.29,Feb 1998
KOR,1998-03,80.63,Mar 1998
KOR,1998-04,81.13,Apr 1998
KOR,1998-05,80.54,May 1998
KOR,1998-06,80.63,Jun 1998
KOR,1998-07,80.63,Jul 1998
KOR,1998-08,81.05,Aug 1998
KOR,1998-09,81.73,Sep 1998
KOR,1998-10,81.73,Oct 1998
KOR,1998-11,81.65,Nov 1998
KOR,1998-12,81.48,Dec 1998
KOR,1999-01,81.3,Jan 1999
KOR,1999-02,81.98,Feb 1999
KOR,1999-03,81.82,Mar 1999
KOR,1999-04,82.15,Apr 1999
KOR,1999-05,82.32,May 1999
KOR,1999-06,81.13,Jun 1999
KOR,1999-07,81.13,Jul 1999
KOR,1999-08,81.82,Aug 1999
KOR,1999-09,81.98,Sep 1999
KOR,1999-10,82.15,Oct 1999
KOR,1999-11,82.15,Nov 1999
KOR,1999-12,81.65,Dec 1999
KOR,2000-01,82.66,Jan 2000
KOR,2000-02,82.15,Feb 2000
KOR,2000-03,81.98,Mar 2000
KOR,2000-04,81.3,Apr 2000
KOR,2000-05,81.39,May 2000
KOR,2000-06,81.39,Jun 2000
KOR,2000-07,81.22,Jul 2000
KOR,2000-08,81.13,Aug 2000
KOR,2000-09,81.82,Sep 2000
KOR,2000-10,81.48,Oct 2000
KOR,2000-11,81.22,Nov 2000
KOR,2000-12,81.13,Dec 2000
KOR,2001-01,81.73,Jan 2001
KOR,2001-02,81.56,Feb 2001
KOR,2001-03,82.15,Mar 2001
KOR,2001-04,81.73,Apr 2001
KOR,2001-05,81.82,May 2001
KOR,2001-06,81.65,Jun 2001
KOR,2001-07,81.73,Jul 2001
KOR,2001-08,81.48,Aug 2001
KOR,2001-09,80.88,Sep 2001
KOR,2001-10,79.87,Oct 2001
KOR,2001-11,79.61,Nov 2001
KOR,2001-12,79.01,Dec 2001
KOR,2002-01,79.01,Jan 2002
KOR,2002-02,79.52,Feb 2002
KOR,2002-03,79.95,Mar 2002
KOR,2002-04,79.87,Apr 2002
KOR,2002-05,80.63,May 2002
KOR,2002-06,79.95,Jun 2002
KOR,2002-07,79.78,Jul 2002
KOR,2002-08,80.12,Aug 2002
KOR,2002-09,80.63,Sep 2002
KOR,2002-10,79.95,Oct 2002
KOR,2002-11,80.46,Nov 2002
KOR,2002-12,80.46,Dec 2002
KOR,2003-01,80.96,Jan 2003
KOR,2003-02,80.88,Feb 2003
KOR,2003-03,81.48,Mar 2003
KOR,2003-04,80.46,Apr 2003
KOR,2003-05,80.79,May 2003
KOR,2003-06,79.95,Jun 2003
KOR,2003-07,79.95,Jul 2003
KOR,2003-08,80.37,Aug 2003
KOR,2003-09,80.96,Sep 2003
KOR,2003-10,81.3,Oct 2003
KOR,2003-11,81.3,Nov 2003
KOR,2003-12,81.48,Dec 2003
KOR,2004-01,82.41,Jan 2004
KOR,2004-02,83.08,Feb 2004
KOR,2004-03,83.68,Mar 2004
KOR,2004-04,83.6,Apr 2004
KOR,2004-05,83.51,May 2004
KOR,2004-06,83.17,Jun 2004
KOR,2004-07,83.68,Jul 2004
KOR,2004-08,84.44,Aug 2004
KOR,2004-09,84.27,Sep 2004
KOR,2004-10,83.26,Oct 2004
KOR,2004-11,82.83,Nov 2004
KOR,2004-12,82.49,Dec 2004
KOR,2005-01,84.78,Jan 2005
KOR,2005-02,85.29,Feb 2005
KOR,2005-03,85.29,Mar 2005
KOR,2005-04,85.46,Apr 2005
KOR,2005-05,84.61,May 2005
KOR,2005-06,84.02,Jun 2005
KOR,2005-07,84.78,Jul 2005
KOR,2005-08,84.95,Aug 2005
KOR,2005-09,85.29,Sep 2005
KOR,2005-10,84.69,Oct 2005
KOR,2005-11,84.02,Nov 2005
KOR,2005-12,84.19,Dec 2005
KOR,2006-01,85.21,Jan 2006
KOR,2006-02,85.55,Feb 2006
KOR,2006-03,85.29,Mar 2006
KOR,2006-04,85.12,Apr 2006
KOR,2006-05,85.04,May 2006
KOR,2006-06,84.44,Jun 2006
KOR,2006-07,84.78,Jul 2006
KOR,2006-08,85.46,Aug 2006
KOR,2006-09,85.46,Sep 2006
KOR,2006-10,84.1,Oct 2006
KOR,2006-11,83.85,Nov 2006
KOR,2006-12,84.02,Dec 2006
KOR,2007-01,84.1,Jan 2007
KOR,2007-02,84.61,Feb 2007
KOR,2007-03,84.44,Mar 2007
KOR,2007-04,84.52,Apr 2007
KOR,2007-05,84.52,May 2007
KOR,2007-06,84.36,Jun 2007
KOR,2007-07,84.52,Jul 2007
KOR,2007-08,84.36,Aug 2007
KOR,2007-09,85.63,Sep 2007
KOR,2007-10,85.12,Oct 2007
KOR,2007-11,85.55,Nov 2007
KOR,2007-12,85.97,Dec 2007
KOR,2008-01,86.22,Jan 2008
KOR,2008-02,86.81,Feb 2008
KOR,2008-03,86.81,Mar 2008
KOR,2008-04,87.66,Apr 2008
KOR,2008-05,88.59,May 2008
KOR,2008-06,89.02,Jun 2008
KOR,2008-07,89.87,Jul 2008
KOR,2008-08,89.53,Aug 2008
KOR,2008-09,89.19,Sep 2008
KOR,2008-10,88.77,Oct 2008
KOR,2008-11,88.42,Nov 2008
KOR,2008-12,88.34,Dec 2008
KOR,2009-01,89.28,Jan 2009
KOR,2009-02,89.7,Feb 2009
KOR,2009-03,89.95,Mar 2009
KOR,2009-04,90.55,Apr 2009
KOR,2009-05,90.29,May 2009
KOR,2009-06,89.61,Jun 2009
KOR,2009-07,90.97,Jul 2009
KOR,2009-08,91.14,Aug 2009
KOR,2009-09,90.55,Sep 2009
KOR,2009-10,89.44,Oct 2009
KOR,2009-11,90.55,Nov 2009
KOR,2009-12,90.89,Dec 2009
KOR,2010-01,92.46,Jan 2010
KOR,2010-02,92.89,Feb 2010
KOR,2010-03,93.29,Mar 2010
KOR,2010-04,93.67,Apr 2010
KOR,2010-05,93.54,May 2010
KOR,2010-06,93.16,Jun 2010
KOR,2010-07,93.32,Jul 2010
KOR,2010-08,93.76,Aug 2010
KOR,2010-09,94.77,Sep 2010
KOR,2010-10,94.4,Oct 2010
KOR,2010-11,94.36,Nov 2010
KOR,2010-12,94.97,Dec 2010
KOR,2011-01,96.18,Jan 2011
KOR,2011-02,96.48,Feb 2011
KOR,2011-03,97.01,Mar 2011
KOR,2011-04,96.87,Apr 2011
KOR,2011-05,96.68,May 2011
KOR,2011-06,96.68,Jun 2011
KOR,2011-07,97.4,Jul 2011
KOR,2011-08,97.89,Aug 2011
KOR,2011-09,97.49,Sep 2011
KOR,2011-10,97.45,Oct 2011
KOR,2011-11,97.65,Nov 2011
KOR,2011-12,98.19,Dec 2011
KOR,2012-01,98.39,Jan 2012
KOR,2012-02,99.19,Feb 2012
KOR,2012-03,99.5,Mar 2012
KOR,2012-04,99.43,Apr 2012
KOR,2012-05,99.39,May 2012
KOR,2012-06,98.67,Jun 2012
KOR,2012-07,98.62,Jul 2012
KOR,2012-08,99.42,Aug 2012
KOR,2012-09,99.68,Sep 2012
KOR,2012-10,98.96,Oct 2012
KOR,2012-11,98.41,Nov 2012
KOR,2012-12,98.59,Dec 2012
KOR,2013-01,98.85,Jan 2013
KOR,2013-02,99.31,Feb 2013
KOR,2013-03,99.06,Mar 2013
KOR,2013-04,98.88,Apr 2013
KOR,2013-05,98.63,May 2013
KOR,2013-06,98.55,Jun 2013
KOR,2013-07,98.79,Jul 2013
KOR,2013-08,99.27,Aug 2013
KOR,2013-09,99.24,Sep 2013
KOR,2013-10,98.74,Oct 2013
KOR,2013-11,98.91,Nov 2013
KOR,2013-12,99.19,Dec 2013
KOR,2014-01,99.86,Jan 2014
KOR,2014-02,100.11,Feb 2014
KOR,2014-03,100.32,Mar 2014
KOR,2014-04,100.45,Apr 2014
KOR,2014-05,100.37,May 2014
KOR,2014-06,100.47,Jun 2014
KOR,2014-07,100.67,Jul 2014
KOR,2014-08,100.71,Aug 2014
KOR,2014-09,100.46,Sep 2014
KOR,2014-10,100.04,Oct 2014
KOR,2014-11,100.19,Nov 2014
KOR,2014-12,100.18,Dec 2014
KOR,2015-01,99.72,Jan 2015
KOR,2015-02,100.17,Feb 2015
KOR,2015-03,99.95,Mar 2015
KOR,2015-04,100.15,Apr 2015
KOR,2015-05,100.32,May 2015
KOR,2015-06,100.14,Jun 2015
KOR,2015-07,100.17,Jul 2015
KOR,2015-08,100.12,Aug 2015
KOR,2015-09,99.96,Sep 2015
KOR,2015-10,99.65,Oct 2015
KOR,2015-11,99.76,Nov 2015
KOR,2015-12,99.89,Dec 2015
KOR,2016-01,99.92,Jan 2016
KOR,2016-02,100.42,Feb 2016
KOR,2016-03,100.34,Mar 2016
KOR,2016-04,100.55,Apr 2016
KOR,2016-05,100.21,May 2016
KOR,2016-06,100.1,Jun 2016
KOR,2016-07,99.83,Jul 2016
KOR,2016-08,100.41,Aug 2016
KOR,2016-09,100.93,Sep 2016
KOR,2016-10,100.85,Oct 2016
KOR,2016-11,100.79,Nov 2016
KOR,2016-12,100.94,Dec 2016
KOR,2017-01,101.46,Jan 2017
KOR,2017-02,101.65,Feb 2017
KOR,2017-03,101.84,Mar 2017
KOR,2017-04,101.91,Apr 2017
KOR,2017-05,101.84,May 2017
KOR,2017-06,101.77,Jun 2017
KOR,2017-07,101.95,Jul 2017
KOR,2017-08,102.44,Aug 2017
KOR,2017-09,102.59,Sep 2017
KOR,2017-10,101.9,Oct 2017
KOR,2017-11,101.72,Nov 2017
KOR,2017-12,101.89,Dec 2017
KOR,2018-01,102.28,Jan 2018
KOR,2018-02,102.76,Feb 2018
KOR,2018-03,102.83,Mar 2018
KOR,2018-04,103.01,Apr 2018
KOR,2018-05,103.08,May 2018
KOR,2018-06,102.87,Jun 2018
KOR,2018-07,103.06,Jul 2018
KOR,2018-08,103.75,Aug 2018
KOR,2018-09,104.12,Sep 2018
KOR,2018-10,103.47,Oct 2018
KOR,2018-11,102.93,Nov 2018
KOR,2018-12,102.91,Dec 2018
KOR,2019-01,103.08,Jan 2019
KOR,2019-02,103.04,Feb 2019
KOR,2019-03,103.33,Mar 2019
KOR,2019-04,103.6,Apr 2019
KOR,2019-05,103.54,May 2019
KOR,2019-06,103.4,Jun 2019
KOR,2019-07,103.39,Jul 2019
KOR,2019-08,103.75,Aug 2019
KOR,2019-09,104.01,Sep 2019
KOR,2019-10,103.83,Oct 2019
KOR,2019-11,103.69,Nov 2019
KOR,2019-12,104.09,Dec 2019
KOR,2020-01,104.61,Jan 2020
KOR,2020-02,104.24,Feb 2020
KOR,2020-03,103.76,Mar 2020
KOR,2020-04,103.09,Apr 2020
KOR,2020-05,103.34,May 2020
KOR,2020-06,103.95,Jun 2020
KOR,2020-07,103.95,Jul 2020
KOR,2020-08,104.56,Aug 2020
KOR,2020-09,104.78,Sep 2020
KOR,2020-10,104.18,Oct 2020
KOR,2020-11,104.11,Nov 2020
KOR,2020-12,104.61,Dec 2020
KOR,2021-01,105.5,Jan 2021
KOR,2021-02,105.83,Feb 2021
KOR,2021-03,106.29,Mar 2021
KOR,2021-04,106.32,Apr 2021
KOR,2021-05,106.56,May 2021
KOR,2021-06,106.8,Jun 2021
KOR,2021-07,107.27,Jul 2021
KOR,2021-08,107.55,Aug 2021
KOR,2021-09,107.71,Sep 2021
KOR,2021-10,108.21,Oct 2021
KOR,2021-11,108.55,Nov 2021
KOR,2021-12,108.63,Dec 2021
KOR,2022-01,109.66,Jan 2022
KOR,2022-02,109.9,Feb 2022
KOR,2022-03,111.15,Mar 2022
KOR,2022-04,112.29,Apr 2022
KOR,2022-05,113.27,May 2022
KOR,2022-06,114.19,Jun 2022
KOR,2022-07,114.63,Jul 2022
KOR,2022-08,114.58,Aug 2022
KOR,2022-09,114.56,Sep 2022
KOR,2022-10,114.8,Oct 2022
KOR,2022-11,114.42,Nov 2022
KOR,2022-12,114.39,Dec 2022
MEX,1981-01,0.09088604,Jan 1981
MEX,1981-02,0.09313626,Feb 1981
MEX,1981-03,0.09469844,Mar 1981
MEX,1981-04,0.09559446,Apr 1981
MEX,1981-05,0.09715351,May 1981
MEX,1981-06,0.09855461,Jun 1981
MEX,1981-07,0.101213,Jul 1981
MEX,1981-08,0.1023373,Aug 1981
MEX,1981-09,0.1042748,Sep 1981
MEX,1981-10,0.1055664,Oct 1981
MEX,1981-11,0.1081622,Nov 1981
MEX,1981-12,0.1110614,Dec 1981
MEX,1982-01,0.1172616,Jan 1982
MEX,1982-02,0.1201561,Feb 1982
MEX,1982-03,0.1242406,Mar 1982
MEX,1982-04,0.1352024,Apr 1982
MEX,1982-05,0.1406426,May 1982
MEX,1982-06,0.1450696,Jun 1982
MEX,1982-07,0.1511165,Jul 1982
MEX,1982-08,0.1671949,Aug 1982
MEX,1982-09,0.1761942,Sep 1982
MEX,1982-10,0.1826384,Oct 1982
MEX,1982-11,0.1898191,Nov 1982
MEX,1982-12,0.2035894,Dec 1982
MEX,1983-01,0.2342543,Jan 1983
MEX,1983-02,0.2470707,Feb 1983
MEX,1983-03,0.2595587,Mar 1983
MEX,1983-04,0.2766801,Apr 1983
MEX,1983-05,0.2886849,May 1983
MEX,1983-06,0.2998078,Jun 1983
MEX,1983-07,0.3133388,Jul 1983
MEX,1983-08,0.324765,Aug 1983
MEX,1983-09,0.3313296,Sep 1983
MEX,1983-10,0.3389419,Oct 1983
MEX,1983-11,0.3591829,Nov 1983
MEX,1983-12,0.3710423,Dec 1983
MEX,1984-01,0.4075759,Jan 1984
MEX,1984-02,0.4321923,Feb 1984
MEX,1984-03,0.4500721,Mar 1984
MEX,1984-04,0.4668604,Apr 1984
MEX,1984-05,0.4803898,May 1984
MEX,1984-06,0.5019319,Jun 1984
MEX,1984-07,0.5160556,Jul 1984
MEX,1984-08,0.5258712,Aug 1984
MEX,1984-09,0.5431817,Sep 1984
MEX,1984-10,0.5673024,Oct 1984
MEX,1984-11,0.5841658,Nov 1984
MEX,1984-12,0.6078877,Dec 1984
MEX,1985-01,0.6635833,Jan 1985
MEX,1985-02,0.6833177,Feb 1985
MEX,1985-03,0.7064423,Mar 1985
MEX,1985-04,0.7284113,Apr 1985
MEX,1985-05,0.7471761,May 1985
MEX,1985-06,0.7652232,Jun 1985
MEX,1985-07,0.7927278,Jul 1985
MEX,1985-08,0.8272051,Aug 1985
MEX,1985-09,0.8490396,Sep 1985
MEX,1985-10,0.8829946,Oct 1985
MEX,1985-11,0.9212139,Nov 1985
MEX,1985-12,0.971363,Dec 1985
MEX,1986-01,1.064244,Jan 1986
MEX,1986-02,1.111208,Feb 1986
MEX,1986-03,1.176995,Mar 1986
MEX,1986-04,1.232612,Apr 1986
MEX,1986-05,1.302908,May 1986
MEX,1986-06,1.404864,Jun 1986
MEX,1986-07,1.469565,Jul 1986
MEX,1986-08,1.562994,Aug 1986
MEX,1986-09,1.662718,Sep 1986
MEX,1986-10,1.762017,Oct 1986
MEX,1986-11,1.903137,Nov 1986
MEX,1986-12,2.029343,Dec 1986
MEX,1987-01,2.232419,Jan 1987
MEX,1987-02,2.383159,Feb 1987
MEX,1987-03,2.576032,Mar 1987
MEX,1987-04,2.814226,Apr 1987
MEX,1987-05,3.021835,May 1987
MEX,1987-06,3.25794,Jun 1987
MEX,1987-07,3.563588,Jul 1987
MEX,1987-08,3.848936,Aug 1987
MEX,1987-09,4.167671,Sep 1987
MEX,1987-10,4.548308,Oct 1987
MEX,1987-11,4.877741,Nov 1987
MEX,1987-12,5.491961,Dec 1987
MEX,1988-01,6.526498,Jan 1988
MEX,1988-02,6.944617,Feb 1988
MEX,1988-03,7.13564,Mar 1988
MEX,1988-04,7.256791,Apr 1988
MEX,1988-05,7.338477,May 1988
MEX,1988-06,7.456866,Jun 1988
MEX,1988-07,7.584083,Jul 1988
MEX,1988-08,7.594546,Aug 1988
MEX,1988-09,7.541527,Sep 1988
MEX,1988-10,7.529899,Oct 1988
MEX,1988-11,7.603459,Nov 1988
MEX,1988-12,7.677144,Dec 1988
MEX,1989-01,7.777708,Jan 1989
MEX,1989-02,7.82514,Feb 1989
MEX,1989-03,7.882577,Mar 1989
MEX,1989-04,7.973616,Apr 1989
MEX,1989-05,8.065763,May 1989
MEX,1989-06,8.139009,Jun 1989
MEX,1989-07,8.24966,Jul 1989
MEX,1989-08,8.359246,Aug 1989
MEX,1989-09,8.389579,Sep 1989
MEX,1989-10,8.488965,Oct 1989
MEX,1989-11,8.541578,Nov 1989
MEX,1989-12,8.730855,Dec 1989
MEX,1990-01,9.050316,Jan 1990
MEX,1990-02,9.281565,Feb 1990
MEX,1990-03,9.397187,Mar 1990
MEX,1990-04,9.52866,Apr 1990
MEX,1990-05,9.66595,May 1990
MEX,1990-06,9.830393,Jun 1990
MEX,1990-07,10.00944,Jul 1990
MEX,1990-08,10.22857,Aug 1990
MEX,1990-09,10.40071,Sep 1990
MEX,1990-10,10.53655,Oct 1990
MEX,1990-11,10.83126,Nov 1990
MEX,1990-12,11.21383,Dec 1990
MEX,1991-01,11.47108,Jan 1991
MEX,1991-02,11.6497,Feb 1991
MEX,1991-03,11.78723,Mar 1991
MEX,1991-04,11.88065,Apr 1991
MEX,1991-05,12.00999,May 1991
MEX,1991-06,12.1677,Jun 1991
MEX,1991-07,12.30536,Jul 1991
MEX,1991-08,12.39563,Aug 1991
MEX,1991-09,12.50025,Sep 1991
MEX,1991-10,12.62911,Oct 1991
MEX,1991-11,12.75619,Nov 1991
MEX,1991-12,12.94636,Dec 1991
MEX,1992-01,13.13151,Jan 1992
MEX,1992-02,13.28265,Feb 1992
MEX,1992-03,13.41425,Mar 1992
MEX,1992-04,13.55314,Apr 1992
MEX,1992-05,13.65403,May 1992
MEX,1992-06,13.74139,Jun 1992
MEX,1992-07,13.84189,Jul 1992
MEX,1992-08,13.91492,Aug 1992
MEX,1992-09,13.96924,Sep 1992
MEX,1992-10,14.05741,Oct 1992
MEX,1992-11,14.14332,Nov 1992
MEX,1992-12,14.28954,Dec 1992
MEX,1993-01,14.41352,Jan 1993
MEX,1993-02,14.48673,Feb 1993
MEX,1993-03,14.53478,Mar 1993
MEX,1993-04,14.59818,Apr 1993
MEX,1993-05,14.69032,May 1993
MEX,1993-06,14.78058,Jun 1993
MEX,1993-07,14.84586,Jul 1993
MEX,1993-08,14.92235,Aug 1993
MEX,1993-09,14.98916,Sep 1993
MEX,1993-10,15.01745,Oct 1993
MEX,1993-11,15.06324,Nov 1993
MEX,1993-12,15.16505,Dec 1993
MEX,1994-01,15.26318,Jan 1994
MEX,1994-02,15.30962,Feb 1994
MEX,1994-03,15.36686,Mar 1994
MEX,1994-04,15.4488,Apr 1994
MEX,1994-05,15.50118,May 1994
MEX,1994-06,15.57921,Jun 1994
MEX,1994-07,15.64192,Jul 1994
MEX,1994-08,15.73434,Aug 1994
MEX,1994-09,15.83223,Sep 1994
MEX,1994-10,15.89196,Oct 1994
MEX,1994-11,15.9739,Nov 1994
MEX,1994-12,16.10541,Dec 1994
MEX,1995-01,16.93529,Jan 1995
MEX,1995-02,17.67509,Feb 1995
MEX,1995-03,18.55798,Mar 1995
MEX,1995-04,20.23087,Apr 1995
MEX,1995-05,21.1308,May 1995
MEX,1995-06,21.76927,Jun 1995
MEX,1995-07,22.20931,Jul 1995
MEX,1995-08,22.57225,Aug 1995
MEX,1995-09,23.02839,Sep 1995
MEX,1995-10,23.4997,Oct 1995
MEX,1995-11,24.1044,Nov 1995
MEX,1995-12,25.00574,Dec 1995
MEX,1996-01,25.86502,Jan 1996
MEX,1996-02,26.48113,Feb 1996
MEX,1996-03,27.07863,Mar 1996
MEX,1996-04,27.90335,Apr 1996
MEX,1996-05,28.33447,May 1996
MEX,1996-06,28.65832,Jun 1996
MEX,1996-07,29.03487,Jul 1996
MEX,1996-08,29.42346,Aug 1996
MEX,1996-09,29.75169,Sep 1996
MEX,1996-10,30.14778,Oct 1996
MEX,1996-11,30.56561,Nov 1996
MEX,1996-12,31.39658,Dec 1996
MEX,1997-01,32.15218,Jan 1997
MEX,1997-02,32.62693,Feb 1997
MEX,1997-03,32.96736,Mar 1997
MEX,1997-04,33.19175,Apr 1997
MEX,1997-05,33.33718,May 1997
MEX,1997-06,33.58926,Jun 1997
MEX,1997-07,33.87777,Jul 1997
MEX,1997-08,34.15392,Aug 1997
MEX,1997-09,34.46933,Sep 1997
MEX,1997-10,34.73344,Oct 1997
MEX,1997-11,35.18787,Nov 1997
MEX,1997-12,35.66793,Dec 1997
MEX,1998-01,36.64183,Jan 1998
MEX,1998-02,37.25388,Feb 1998
MEX,1998-03,37.66092,Mar 1998
MEX,1998-04,37.97554,Apr 1998
MEX,1998-05,38.18743,May 1998
MEX,1998-06,38.57336,Jun 1998
MEX,1998-07,38.99854,Jul 1998
MEX,1998-08,39.38541,Aug 1998
MEX,1998-09,40.26298,Sep 1998
MEX,1998-10,41.19904,Oct 1998
MEX,1998-11,41.91194,Nov 1998
MEX,1998-12,42.71742,Dec 1998
MEX,1999-01,43.78186,Jan 1999
MEX,1999-02,44.20251,Feb 1999
MEX,1999-03,44.50712,Mar 1999
MEX,1999-04,44.69055,Apr 1999
MEX,1999-05,44.82534,May 1999
MEX,1999-06,45.08555,Jun 1999
MEX,1999-07,45.38673,Jul 1999
MEX,1999-08,45.56249,Aug 1999
MEX,1999-09,45.80206,Sep 1999
MEX,1999-10,46.08165,Oct 1999
MEX,1999-11,46.48212,Nov 1999
MEX,1999-12,46.86649,Dec 1999
MEX,2000-01,47.4507,Jan 2000
MEX,2000-02,47.82068,Feb 2000
MEX,2000-03,48.12561,Mar 2000
MEX,2000-04,48.55642,Apr 2000
MEX,2000-05,48.72625,May 2000
MEX,2000-06,49.0207,Jun 2000
MEX,2000-07,49.14157,Jul 2000
MEX,2000-08,49.42164,Aug 2000
MEX,2000-09,49.51437,Sep 2000
MEX,2000-10,49.8709,Oct 2000
MEX,2000-11,50.17208,Nov 2000
MEX,2000-12,50.5455,Dec 2000
MEX,2001-01,51.16568,Jan 2001
MEX,2001-02,51.24324,Feb 2001
MEX,2001-03,51.70345,Mar 2001
MEX,2001-04,51.90236,Apr 2001
MEX,2001-05,51.83527,May 2001
MEX,2001-06,51.84731,Jun 2001
MEX,2001-07,51.70861,Jul 2001
MEX,2001-08,51.90751,Aug 2001
MEX,2001-09,52.1563,Sep 2001
MEX,2001-10,52.31596,Oct 2001
MEX,2001-11,52.4076,Nov 2001
MEX,2001-12,52.27374,Dec 2001
MEX,2002-01,52.55146,Jan 2002
MEX,2002-02,52.55662,Feb 2002
MEX,2002-03,52.88876,Mar 2002
MEX,2002-04,53.07187,Apr 2002
MEX,2002-05,53.30237,May 2002
MEX,2002-06,53.67329,Jun 2002
MEX,2002-07,53.94913,Jul 2002
MEX,2002-08,54.02138,Aug 2002
MEX,2002-09,54.18307,Sep 2002
MEX,2002-10,54.46986,Oct 2002
MEX,2002-11,55.10833,Nov 2002
MEX,2002-12,55.30833,Dec 2002
MEX,2003-01,55.49067,Jan 2003
MEX,2003-02,55.99857,Feb 2003
MEX,2003-03,56.76574,Mar 2003
MEX,2003-04,56.84377,Apr 2003
MEX,2003-05,56.53993,May 2003
MEX,2003-06,56.69553,Jun 2003
MEX,2003-07,56.76558,Jul 2003
MEX,2003-08,56.90116,Aug 2003
MEX,2003-09,57.09334,Sep 2003
MEX,2003-10,57.4455,Oct 2003
MEX,2003-11,58.09366,Nov 2003
MEX,2003-12,58.51321,Dec 2003
MEX,2004-01,59.09249,Jan 2004
MEX,2004-02,60.04392,Feb 2004
MEX,2004-03,61.01231,Mar 2004
MEX,2004-04,61.76479,Apr 2004
MEX,2004-05,61.79522,May 2004
MEX,2004-06,62.05268,Jun 2004
MEX,2004-07,62.15508,Jul 2004
MEX,2004-08,62.64425,Aug 2004
MEX,2004-09,62.8666,Sep 2004
MEX,2004-10,63.11703,Oct 2004
MEX,2004-11,63.55062,Nov 2004
MEX,2004-12,63.55237,Dec 2004
MEX,2005-01,63.68286,Jan 2005
MEX,2005-02,64.19075,Feb 2005
MEX,2005-03,64.32825,Mar 2005
MEX,2005-04,64.56757,Apr 2005
MEX,2005-05,64.2282,May 2005
MEX,2005-06,64.0509,Jun 2005
MEX,2005-07,64.58103,Jul 2005
MEX,2005-08,64.51082,Aug 2005
MEX,2005-09,64.6495,Sep 2005
MEX,2005-10,64.7911,Oct 2005
MEX,2005-11,65.16558,Nov 2005
MEX,2005-12,65.59214,Dec 2005
MEX,2006-01,66.11349,Jan 2006
MEX,2006-02,66.51841,Feb 2006
MEX,2006-03,66.87943,Mar 2006
MEX,2006-04,67.44759,Apr 2006
MEX,2006-05,68.22875,May 2006
MEX,2006-06,68.87181,Jun 2006
MEX,2006-07,69.26209,Jul 2006
MEX,2006-08,69.80509,Aug 2006
MEX,2006-09,70.04851,Sep 2006
MEX,2006-10,70.08888,Oct 2006
MEX,2006-11,70.07191,Nov 2006
MEX,2006-12,70.29134,Dec 2006
MEX,2007-01,70.51603,Jan 2007
MEX,2007-02,70.84663,Feb 2007
MEX,2007-03,71.21351,Mar 2007
MEX,2007-04,71.34399,Apr 2007
MEX,2007-05,70.95429,May 2007
MEX,2007-06,71.08829,Jun 2007
MEX,2007-07,71.42006,Jul 2007
MEX,2007-08,72.00519,Aug 2007
MEX,2007-09,72.56049,Sep 2007
MEX,2007-10,72.73427,Oct 2007
MEX,2007-11,73.01864,Nov 2007
MEX,2007-12,73.03152,Dec 2007
MEX,2008-01,73.69037,Jan 2008
MEX,2008-02,74.58504,Feb 2008
MEX,2008-03,75.31119,Mar 2008
MEX,2008-04,76.13798,Apr 2008
MEX,2008-05,76.57858,May 2008
MEX,2008-06,77.17834,Jun 2008
MEX,2008-07,77.89045,Jul 2008
MEX,2008-08,78.21929,Aug 2008
MEX,2008-09,78.38489,Sep 2008
MEX,2008-10,79.14848,Oct 2008
MEX,2008-11,80.10635,Nov 2008
MEX,2008-12,80.38428,Dec 2008
MEX,2009-01,80.45216,Jan 2009
MEX,2009-02,80.77808,Feb 2009
MEX,2009-03,81.20991,Mar 2009
MEX,2009-04,81.24443,Apr 2009
MEX,2009-05,80.82196,May 2009
MEX,2009-06,80.70435,Jun 2009
MEX,2009-07,80.83015,Jul 2009
MEX,2009-08,81.15842,Aug 2009
MEX,2009-09,81.62886,Sep 2009
MEX,2009-10,81.46912,Oct 2009
MEX,2009-11,81.73477,Nov 2009
MEX,2009-12,81.92493,Dec 2009
MEX,2010-01,82.70082,Jan 2010
MEX,2010-02,83.56155,Feb 2010
MEX,2010-03,84.13966,Mar 2010
MEX,2010-04,83.90327,Apr 2010
MEX,2010-05,83.56506,May 2010
MEX,2010-06,83.4691,Jun 2010
MEX,2010-07,83.56916,Jul 2010
MEX,2010-08,83.83891,Aug 2010
MEX,2010-09,83.94013,Sep 2010
MEX,2010-10,84.25494,Oct 2010
MEX,2010-11,84.76575,Nov 2010
MEX,2010-12,85.24556,Dec 2010
MEX,2011-01,85.97522,Jan 2011
MEX,2011-02,86.83653,Feb 2011
MEX,2011-03,87.27012,Mar 2011
MEX,2011-04,87.07234,Apr 2011
MEX,2011-05,86.75696,May 2011
MEX,2011-06,87.14724,Jun 2011
MEX,2011-07,87.8769,Jul 2011
MEX,2011-08,88.10452,Aug 2011
MEX,2011-09,88.45209,Sep 2011
MEX,2011-10,89.19988,Oct 2011
MEX,2011-11,90.30228,Nov 2011
MEX,2011-12,91.12907,Dec 2011
MEX,2012-01,92.0723,Jan 2012
MEX,2012-02,92.27592,Feb 2012
MEX,2012-03,92.23672,Mar 2012
MEX,2012-04,92.15188,Apr 2012
MEX,2012-05,92.19342,May 2012
MEX,2012-06,92.79143,Jun 2012
MEX,2012-07,92.83392,Jul 2012
MEX,2012-08,92.84764,Aug 2012
MEX,2012-09,93.18311,Sep 2012
MEX,2012-10,93.29138,Oct 2012
MEX,2012-11,93.73376,Nov 2012
MEX,2012-12,93.70994,Dec 2012
MEX,2013-01,93.79096,Jan 2013
MEX,2013-02,93.93013,Feb 2013
MEX,2013-03,94.30889,Mar 2013
MEX,2013-04,94.18271,Apr 2013
MEX,2013-05,93.84344,May 2013
MEX,2013-06,93.65144,Jun 2013
MEX,2013-07,93.19365,Jul 2013
MEX,2013-08,93.16621,Aug 2013
MEX,2013-09,93.61864,Sep 2013
MEX,2013-10,93.7819,Oct 2013
MEX,2013-11,94.27814,Nov 2013
MEX,2013-12,94.59851,Dec 2013
MEX,2014-01,95.28481,Jan 2014
MEX,2014-02,95.73856,Feb 2014
MEX,2014-03,95.94617,Mar 2014
MEX,2014-04,95.93073,Apr 2014
MEX,2014-05,96.16441,May 2014
MEX,2014-06,95.64725,Jun 2014
MEX,2014-07,96.09813,Jul 2014
MEX,2014-08,96.60989,Aug 2014
MEX,2014-09,96.82342,Sep 2014
MEX,2014-10,96.89185,Oct 2014
MEX,2014-11,97.44333,Nov 2014
MEX,2014-12,98.14831,Dec 2014
MEX,2015-01,98.88602,Jan 2015
MEX,2015-02,99.05981,Feb 2015
MEX,2015-03,99.47713,Mar 2015
MEX,2015-04,99.5607,Apr 2015
MEX,2015-05,99.04268,May 2015
MEX,2015-06,99.48882,Jun 2015
MEX,2015-07,99.8932,Jul 2015
MEX,2015-08,100.188,Aug 2015
MEX,2015-09,100.49,Sep 2015
MEX,2015-10,100.8077,Oct 2015
MEX,2015-11,101.4515,Nov 2015
MEX,2015-12,101.6545,Dec 2015
MEX,2016-01,102.5062,Jan 2016
MEX,2016-02,103.3495,Feb 2016
MEX,2016-03,103.8487,Mar 2016
MEX,2016-04,104.1484,Apr 2016
MEX,2016-05,104.5405,May 2016
MEX,2016-06,105.1744,Jun 2016
MEX,2016-07,105.5152,Jul 2016
MEX,2016-08,105.946,Aug 2016
MEX,2016-09,107.0491,Sep 2016
MEX,2016-10,107.4785,Oct 2016
MEX,2016-11,108.6985,Nov 2016
MEX,2016-12,109.4331,Dec 2016
MEX,2017-01,111.8149,Jan 2017
MEX,2017-02,113.3025,Feb 2017
MEX,2017-03,113.8624,Mar 2017
MEX,2017-04,113.8407,Apr 2017
MEX,2017-05,114.1179,May 2017
MEX,2017-06,114.0504,Jun 2017
MEX,2017-07,113.9653,Jul 2017
MEX,2017-08,114.0758,Aug 2017
MEX,2017-09,114.2427,Sep 2017
MEX,2017-10,114.9351,Oct 2017
MEX,2017-11,116.2222,Nov 2017
MEX,2017-12,116.4938,Dec 2017
MEX,2018-01,117.9961,Jan 2018
MEX,2018-02,118.8654,Feb 2018
MEX,2018-03,119.4204,Mar 2018
MEX,2018-04,119.6743,Apr 2018
MEX,2018-05,120.7156,May 2018
MEX,2018-06,121.619,Jun 2018
MEX,2018-07,121.4603,Jul 2018
MEX,2018-08,121.8608,Aug 2018
MEX,2018-09,122.5633,Sep 2018
MEX,2018-10,122.9097,Oct 2018
MEX,2018-11,124.4196,Nov 2018
MEX,2018-12,124.946,Dec 2018
MEX,2019-01,125.1739,Jan 2019
MEX,2019-02,125.1789,Feb 2019
MEX,2019-03,125.2783,Mar 2019
MEX,2019-04,125.6548,Apr 2019
MEX,2019-05,125.7887,May 2019
MEX,2019-06,126.2351,Jun 2019
MEX,2019-07,126.3506,Jul 2019
MEX,2019-08,125.1138,Aug 2019
MEX,2019-09,125.8739,Sep 2019
MEX,2019-10,125.79,Oct 2019
MEX,2019-11,126.1897,Nov 2019
MEX,2019-12,126.1048,Dec 2019
MEX,2020-01,125.8831,Jan 2020
MEX,2020-02,126.9364,Feb 2020
MEX,2020-03,129.0943,Mar 2020
MEX,2020-04,130.8989,Apr 2020
MEX,2020-05,130.0206,May 2020
MEX,2020-06,129.9416,Jun 2020
MEX,2020-07,130.9373,Jul 2020
MEX,2020-08,131.2111,Aug 2020
MEX,2020-09,131.2766,Sep 2020
MEX,2020-10,131.7648,Oct 2020
MEX,2020-11,132.3304,Nov 2020
MEX,2020-12,132.5888,Dec 2020
MEX,2021-01,134.5814,Jan 2021
MEX,2021-02,136.2061,Feb 2021
MEX,2021-03,138.1414,Mar 2021
MEX,2021-04,138.9948,Apr 2021
MEX,2021-05,139.9236,May 2021
MEX,2021-06,141.2768,Jun 2021
MEX,2021-07,142.3664,Jul 2021
MEX,2021-08,143.3166,Aug 2021
MEX,2021-09,144.041,Sep 2021
MEX,2021-10,145.0775,Oct 2021
MEX,2021-11,146.5729,Nov 2021
MEX,2021-12,147.882,Dec 2021
MEX,2022-01,150.0215,Jan 2022
MEX,2022-02,151.7182,Feb 2022
MEX,2022-03,153.7023,Mar 2022
MEX,2022-04,156.1553,Apr 2022
MEX,2022-05,157.6147,May 2022
MEX,2022-06,158.9028,Jun 2022
MEX,2022-07,160.449,Jul 2022
MEX,2022-08,161.0479,Aug 2022
MEX,2022-09,160.9173,Sep 2022
MEX,2022-10,161.0681,Oct 2022
MEX,2022-11,160.837,Nov 2022
MEX,2022-12,161.0387,Dec 2022
MEX,2023-01,163.3004,Jan 2023
