location,time,ppi_dom_int_stage,date
JPN,1970-01,48.57629,Jan 1970
JPN,1970-02,48.87069,Feb 1970
JPN,1970-03,49.06696,Mar 1970
JPN,1970-04,49.26323,Apr 1970
JPN,1970-05,49.26323,May 1970
JPN,1970-06,49.06696,Jun 1970
JPN,1970-07,49.06696,Jul 1970
JPN,1970-08,49.06696,Aug 1970
JPN,1970-09,48.77256,Sep 1970
JPN,1970-10,48.57629,Oct 1970
JPN,1970-11,48.38002,Nov 1970
JPN,1970-12,47.88935,Dec 1970
JPN,1971-01,47.88935,Jan 1971
JPN,1971-02,47.69308,Feb 1971
JPN,1971-03,47.59495,Mar 1971
JPN,1971-04,47.69308,Apr 1971
JPN,1971-05,47.69308,May 1971
JPN,1971-06,47.59495,Jun 1971
JPN,1971-07,47.59495,Jul 1971
JPN,1971-08,47.69308,Aug 1971
JPN,1971-09,47.59495,Sep 1971
JPN,1971-10,47.30055,Oct 1971
JPN,1971-11,47.20242,Nov 1971
JPN,1971-12,47.30055,Dec 1971
JPN,1972-01,47.30055,Jan 1972
JPN,1972-02,47.30055,Feb 1972
JPN,1972-03,47.49682,Mar 1972
JPN,1972-04,47.59495,Apr 1972
JPN,1972-05,47.59495,May 1972
JPN,1972-06,47.69308,Jun 1972
JPN,1972-07,47.69308,Jul 1972
JPN,1972-08,48.08562,Aug 1972
JPN,1972-09,48.67442,Sep 1972
JPN,1972-10,49.06696,Oct 1972
JPN,1972-11,50.44083,Nov 1972
JPN,1972-12,51.42217,Dec 1972
JPN,1973-01,52.30538,Jan 1973
JPN,1973-02,53.58112,Feb 1973
JPN,1973-03,54.66059,Mar 1973
JPN,1973-04,54.95499,Apr 1973
JPN,1973-05,55.34753,May 1973
JPN,1973-06,55.93633,Jun 1973
JPN,1973-07,57.40834,Jul 1973
JPN,1973-08,58.88035,Aug 1973
JPN,1973-09,60.25423,Sep 1973
JPN,1973-10,61.6281,Oct 1973
JPN,1973-11,63.98331,Nov 1973
JPN,1973-12,70.46015,Dec 1973
JPN,1974-01,73.99297,Jan 1974
JPN,1974-02,74.58178,Feb 1974
JPN,1974-03,74.87618,Mar 1974
JPN,1974-04,75.75938,Apr 1974
JPN,1974-05,75.66125,May 1974
JPN,1974-06,76.74072,Jun 1974
JPN,1974-07,77.13326,Jul 1974
JPN,1974-08,77.23139,Aug 1974
JPN,1974-09,76.93699,Sep 1974
JPN,1974-10,77.52579,Oct 1974
JPN,1974-11,77.8202,Nov 1974
JPN,1974-12,77.72206,Dec 1974
JPN,1975-01,77.8202,Jan 1975
JPN,1975-02,77.23139,Feb 1975
JPN,1975-03,76.93699,Mar 1975
JPN,1975-04,76.93699,Apr 1975
JPN,1975-05,76.93699,May 1975
JPN,1975-06,76.74072,Jun 1975
JPN,1975-07,76.74072,Jul 1975
JPN,1975-08,77.13326,Aug 1975
JPN,1975-09,77.52579,Sep 1975
JPN,1975-10,78.01646,Oct 1975
JPN,1975-11,78.01646,Nov 1975
JPN,1975-12,78.1146,Dec 1975
JPN,1976-01,78.80154,Jan 1976
JPN,1976-02,79.48847,Feb 1976
JPN,1976-03,80.17542,Mar 1976
JPN,1976-04,80.86235,Apr 1976
JPN,1976-05,81.45115,May 1976
JPN,1976-06,81.94183,Jun 1976
JPN,1976-07,83.11943,Jul 1976
JPN,1976-08,84.19891,Aug 1976
JPN,1976-09,84.98397,Sep 1976
JPN,1976-10,85.27837,Oct 1976
JPN,1976-11,85.27837,Nov 1976
JPN,1976-12,85.37651,Dec 1976
JPN,1977-01,85.37651,Jan 1977
JPN,1977-02,85.57278,Feb 1977
JPN,1977-03,85.57278,Mar 1977
JPN,1977-04,85.76904,Apr 1977
JPN,1977-05,85.76904,May 1977
JPN,1977-06,85.57278,Jun 1977
JPN,1977-07,85.27837,Jul 1977
JPN,1977-08,85.37651,Aug 1977
JPN,1977-09,85.27837,Sep 1977
JPN,1977-10,85.37651,Oct 1977
JPN,1977-11,84.98397,Nov 1977
JPN,1977-12,84.7877,Dec 1977
JPN,1978-01,84.68958,Jan 1978
JPN,1978-02,84.68958,Feb 1978
JPN,1978-03,84.7877,Mar 1978
JPN,1978-04,84.7877,Apr 1978
JPN,1978-05,84.68958,May 1978
JPN,1978-06,84.29704,Jun 1978
JPN,1978-07,83.80637,Jul 1978
JPN,1978-08,83.3157,Aug 1978
JPN,1978-09,82.82503,Sep 1978
JPN,1978-10,82.23622,Oct 1978
JPN,1978-11,82.13809,Nov 1978
JPN,1978-12,82.4325,Dec 1978
JPN,1979-01,82.82503,Jan 1979
JPN,1979-02,83.6101,Feb 1979
JPN,1979-03,84.39517,Mar 1979
JPN,1979-04,86.16158,Apr 1979
JPN,1979-05,87.43732,May 1979
JPN,1979-06,88.71307,Jun 1979
JPN,1979-07,90.97015,Jul 1979
JPN,1979-08,92.93282,Aug 1979
JPN,1979-09,94.40483,Sep 1979
JPN,1979-10,95.48431,Oct 1979
JPN,1979-11,96.0731,Nov 1979
JPN,1979-12,97.64325,Dec 1979
JPN,1980-01,100.8817,Jan 1980
JPN,1980-02,103.4332,Feb 1980
JPN,1980-03,105.8865,Mar 1980
JPN,1980-04,110.8913,Apr 1980
JPN,1980-05,112.1671,May 1980
JPN,1980-06,112.6577,Jun 1980
JPN,1980-07,113.1484,Jul 1980
JPN,1980-08,113.8353,Aug 1980
JPN,1980-09,113.7372,Sep 1980
JPN,1980-10,112.6577,Oct 1980
JPN,1980-11,112.4615,Nov 1980
JPN,1980-12,111.8727,Dec 1980
JPN,1981-01,111.4801,Jan 1981
JPN,1981-02,110.4007,Feb 1981
JPN,1981-03,110.0081,Mar 1981
JPN,1981-04,110.2044,Apr 1981
JPN,1981-05,110.5969,May 1981
JPN,1981-06,110.7932,Jun 1981
JPN,1981-07,111.0876,Jul 1981
JPN,1981-08,111.6764,Aug 1981
JPN,1981-09,111.9708,Sep 1981
JPN,1981-10,111.5783,Oct 1981
JPN,1981-11,111.6764,Nov 1981
JPN,1981-12,111.7745,Dec 1981
JPN,1982-01,111.5783,Jan 1982
JPN,1982-02,111.4801,Feb 1982
JPN,1982-03,111.382,Mar 1982
JPN,1982-04,111.382,Apr 1982
JPN,1982-05,111.0876,May 1982
JPN,1982-06,110.6951,Jun 1982
JPN,1982-07,111.1857,Jul 1982
JPN,1982-08,111.7745,Aug 1982
JPN,1982-09,111.9708,Sep 1982
JPN,1982-10,111.6764,Oct 1982
JPN,1982-11,111.7745,Nov 1982
JPN,1982-12,111.6764,Dec 1982
JPN,1983-01,111.382,Jan 1983
JPN,1983-02,111.382,Feb 1983
JPN,1983-03,110.8913,Mar 1983
JPN,1983-04,110.0081,Apr 1983
JPN,1983-05,110.0081,May 1983
JPN,1983-06,109.91,Jun 1983
JPN,1983-07,110.3025,Jul 1983
JPN,1983-08,109.5175,Aug 1983
JPN,1983-09,109.7137,Sep 1983
JPN,1983-10,109.2231,Oct 1983
JPN,1983-11,109.3212,Nov 1983
JPN,1983-12,109.7137,Dec 1983
JPN,1984-01,109.7137,Jan 1984
JPN,1984-02,109.8119,Feb 1984
JPN,1984-03,109.91,Mar 1984
JPN,1984-04,109.8119,Apr 1984
JPN,1984-05,109.8119,May 1984
JPN,1984-06,109.7137,Jun 1984
JPN,1984-07,110.0081,Jul 1984
JPN,1984-08,109.91,Aug 1984
JPN,1984-09,110.1063,Sep 1984
JPN,1984-10,109.7137,Oct 1984
JPN,1984-11,109.7137,Nov 1984
JPN,1984-12,109.5175,Dec 1984
JPN,1985-01,110.2044,Jan 1985
JPN,1985-02,110.1063,Feb 1985
JPN,1985-03,109.91,Mar 1985
JPN,1985-04,109.5175,Apr 1985
JPN,1985-05,108.7324,May 1985
JPN,1985-06,108.2417,Jun 1985
JPN,1985-07,108.3398,Jul 1985
JPN,1985-08,108.0454,Aug 1985
JPN,1985-09,107.6529,Sep 1985
JPN,1985-10,106.5734,Oct 1985
JPN,1985-11,106.0828,Nov 1985
JPN,1985-12,105.6902,Dec 1985
JPN,1986-01,105.5921,Jan 1986
JPN,1986-02,104.6108,Feb 1986
JPN,1986-03,104.1201,Mar 1986
JPN,1986-04,102.9425,Apr 1986
JPN,1986-05,102.3537,May 1986
JPN,1986-06,100.9798,Jun 1986
JPN,1986-07,100.391,Jul 1986
JPN,1986-08,99.99847,Aug 1986
JPN,1986-09,98.72272,Sep 1986
JPN,1986-10,97.05444,Oct 1986
JPN,1986-11,96.85818,Nov 1986
JPN,1986-12,96.66191,Dec 1986
JPN,1987-01,95.87684,Jan 1987
JPN,1987-02,95.68057,Feb 1987
JPN,1987-03,95.87684,Mar 1987
JPN,1987-04,95.7787,Apr 1987
JPN,1987-05,95.68057,May 1987
JPN,1987-06,95.87684,Jun 1987
JPN,1987-07,96.95631,Jul 1987
JPN,1987-08,97.34885,Aug 1987
JPN,1987-09,97.74139,Sep 1987
JPN,1987-10,97.54511,Oct 1987
JPN,1987-11,97.64325,Nov 1987
JPN,1987-12,97.54511,Dec 1987
JPN,1988-01,96.85818,Jan 1988
JPN,1988-02,96.56377,Feb 1988
JPN,1988-03,96.56377,Mar 1988
JPN,1988-04,96.46564,Apr 1988
JPN,1988-05,96.46564,May 1988
JPN,1988-06,96.56377,Jun 1988
JPN,1988-07,96.95631,Jul 1988
JPN,1988-08,96.95631,Aug 1988
JPN,1988-09,97.05444,Sep 1988
JPN,1988-10,96.76004,Oct 1988
JPN,1988-11,96.76004,Nov 1988
JPN,1988-12,96.76004,Dec 1988
JPN,1989-01,96.76004,Jan 1989
JPN,1989-02,96.76004,Feb 1989
JPN,1989-03,96.85818,Mar 1989
JPN,1989-04,96.95631,Apr 1989
JPN,1989-05,97.34885,May 1989
JPN,1989-06,97.44698,Jun 1989
JPN,1989-07,98.23206,Jul 1989
JPN,1989-08,98.52645,Aug 1989
JPN,1989-09,98.62459,Sep 1989
JPN,1989-10,97.74139,Oct 1989
JPN,1989-11,97.64325,Nov 1989
JPN,1989-12,97.54511,Dec 1989
JPN,1990-01,98.23206,Jan 1990
JPN,1990-02,98.13392,Feb 1990
JPN,1990-03,98.23206,Mar 1990
JPN,1990-04,98.33018,Apr 1990
JPN,1990-05,98.33018,May 1990
JPN,1990-06,98.33018,Jun 1990
JPN,1990-07,98.82085,Jul 1990
JPN,1990-08,98.82085,Aug 1990
JPN,1990-09,99.31152,Sep 1990
JPN,1990-10,99.60593,Oct 1990
JPN,1990-11,100.1947,Nov 1990
JPN,1990-12,100.391,Dec 1990
JPN,1991-01,100.5873,Jan 1991
JPN,1991-02,100.5873,Feb 1991
JPN,1991-03,100.5873,Mar 1991
JPN,1991-04,100.391,Apr 1991
JPN,1991-05,100.391,May 1991
JPN,1991-06,100.2929,Jun 1991
JPN,1991-07,100.2929,Jul 1991
JPN,1991-08,100.2929,Aug 1991
JPN,1991-09,100.1947,Sep 1991
JPN,1991-10,99.40966,Oct 1991
JPN,1991-11,99.31152,Nov 1991
JPN,1991-12,99.11526,Dec 1991
JPN,1992-01,98.82085,Jan 1992
JPN,1992-02,98.72272,Feb 1992
JPN,1992-03,98.52645,Mar 1992
JPN,1992-04,98.33018,Apr 1992
JPN,1992-05,98.23206,May 1992
JPN,1992-06,98.13392,Jun 1992
JPN,1992-07,98.42832,Jul 1992
JPN,1992-08,98.23206,Aug 1992
JPN,1992-09,98.13392,Sep 1992
JPN,1992-10,97.44698,Oct 1992
JPN,1992-11,97.25072,Nov 1992
JPN,1992-12,97.25072,Dec 1992
JPN,1993-01,97.15258,Jan 1993
JPN,1993-02,97.15258,Feb 1993
JPN,1993-03,96.95631,Mar 1993
JPN,1993-04,96.66191,Apr 1993
JPN,1993-05,96.36751,May 1993
JPN,1993-06,96.0731,Jun 1993
JPN,1993-07,96.0731,Jul 1993
JPN,1993-08,95.7787,Aug 1993
JPN,1993-09,95.38617,Sep 1993
JPN,1993-10,94.69923,Oct 1993
JPN,1993-11,94.30669,Nov 1993
JPN,1993-12,94.20856,Dec 1993
JPN,1994-01,94.01229,Jan 1994
JPN,1994-02,93.91416,Feb 1994
JPN,1994-03,93.61976,Mar 1994
JPN,1994-04,93.42349,Apr 1994
JPN,1994-05,93.42349,May 1994
JPN,1994-06,93.32536,Jun 1994
JPN,1994-07,93.61976,Jul 1994
JPN,1994-08,93.61976,Aug 1994
JPN,1994-09,93.61976,Sep 1994
JPN,1994-10,93.32536,Oct 1994
JPN,1994-11,93.32536,Nov 1994
JPN,1994-12,93.42349,Dec 1994
JPN,1995-01,93.81602,Jan 1995
JPN,1995-02,93.91416,Feb 1995
JPN,1995-03,93.91416,Mar 1995
JPN,1995-04,93.81602,Apr 1995
JPN,1995-05,93.61976,May 1995
JPN,1995-06,93.52162,Jun 1995
JPN,1995-07,93.61976,Jul 1995
JPN,1995-08,93.52162,Aug 1995
JPN,1995-09,93.52162,Sep 1995
JPN,1995-10,93.22723,Oct 1995
JPN,1995-11,93.22723,Nov 1995
JPN,1995-12,93.12909,Dec 1995
JPN,1996-01,92.83469,Jan 1996
JPN,1996-02,92.73656,Feb 1996
JPN,1996-03,92.63842,Mar 1996
JPN,1996-04,92.54028,Apr 1996
JPN,1996-05,92.34402,May 1996
JPN,1996-06,91.95148,Jun 1996
JPN,1996-07,92.34402,Jul 1996
JPN,1996-08,92.34402,Aug 1996
JPN,1996-09,92.04961,Sep 1996
JPN,1996-10,91.75521,Oct 1996
JPN,1996-11,91.95148,Nov 1996
JPN,1996-12,92.14775,Dec 1996
JPN,1997-01,92.14775,Jan 1997
JPN,1997-02,92.44215,Feb 1997
JPN,1997-03,92.54028,Mar 1997
JPN,1997-04,92.63842,Apr 1997
JPN,1997-05,92.54028,May 1997
JPN,1997-06,92.54028,Jun 1997
JPN,1997-07,92.83469,Jul 1997
JPN,1997-08,92.63842,Aug 1997
JPN,1997-09,92.54028,Sep 1997
JPN,1997-10,91.85335,Oct 1997
JPN,1997-11,91.75521,Nov 1997
JPN,1997-12,91.75521,Dec 1997
JPN,1998-01,91.65708,Jan 1998
JPN,1998-02,91.06828,Feb 1998
JPN,1998-03,90.57761,Mar 1998
JPN,1998-04,90.38134,Apr 1998
JPN,1998-05,90.08694,May 1998
JPN,1998-06,89.9888,Jun 1998
JPN,1998-07,90.18507,Jul 1998
JPN,1998-08,90.08694,Aug 1998
JPN,1998-09,89.89067,Sep 1998
JPN,1998-10,89.1056,Oct 1998
JPN,1998-11,89.00746,Nov 1998
JPN,1998-12,88.8112,Dec 1998
JPN,1999-01,88.41866,Jan 1999
JPN,1999-02,88.12426,Feb 1999
JPN,1999-03,87.82986,Mar 1999
JPN,1999-04,87.73172,Apr 1999
JPN,1999-05,87.82986,May 1999
JPN,1999-06,87.82986,Jun 1999
JPN,1999-07,88.51679,Jul 1999
JPN,1999-08,88.61493,Aug 1999
JPN,1999-09,88.71307,Sep 1999
JPN,1999-10,88.71307,Oct 1999
JPN,1999-11,88.71307,Nov 1999
JPN,1999-12,88.71307,Dec 1999
JPN,2000-01,89.4,Jan 2000
JPN,2000-02,89.4,Feb 2000
JPN,2000-03,89.4,Mar 2000
JPN,2000-04,89.3,Apr 2000
JPN,2000-05,89.1,May 2000
JPN,2000-06,89.1,Jun 2000
JPN,2000-07,89.7,Jul 2000
JPN,2000-08,89.7,Aug 2000
JPN,2000-09,89.7,Sep 2000
JPN,2000-10,89.1,Oct 2000
JPN,2000-11,89,Nov 2000
JPN,2000-12,89,Dec 2000
JPN,2001-01,88.7,Jan 2001
JPN,2001-02,88.6,Feb 2001
JPN,2001-03,88.5,Mar 2001
JPN,2001-04,88.2,Apr 2001
JPN,2001-05,88.1,May 2001
JPN,2001-06,88,Jun 2001
JPN,2001-07,88,Jul 2001
JPN,2001-08,87.9,Aug 2001
JPN,2001-09,87.8,Sep 2001
JPN,2001-10,86.8,Oct 2001
JPN,2001-11,86.5,Nov 2001
JPN,2001-12,86.4,Dec 2001
JPN,2002-01,86.4,Jan 2002
JPN,2002-02,86.4,Feb 2002
JPN,2002-03,86.4,Mar 2002
JPN,2002-04,86.4,Apr 2002
JPN,2002-05,86.4,May 2002
JPN,2002-06,86.4,Jun 2002
JPN,2002-07,86.4,Jul 2002
JPN,2002-08,86.4,Aug 2002
JPN,2002-09,86.3,Sep 2002
JPN,2002-10,85.9,Oct 2002
JPN,2002-11,86,Nov 2002
JPN,2002-12,86,Dec 2002
JPN,2003-01,86.2,Jan 2003
JPN,2003-02,86.4,Feb 2003
JPN,2003-03,86.5,Mar 2003
JPN,2003-04,86.4,Apr 2003
JPN,2003-05,86.2,May 2003
JPN,2003-06,86.1,Jun 2003
JPN,2003-07,86.4,Jul 2003
JPN,2003-08,86.4,Aug 2003
JPN,2003-09,86.4,Sep 2003
JPN,2003-10,86,Oct 2003
JPN,2003-11,86.1,Nov 2003
JPN,2003-12,86.1,Dec 2003
JPN,2004-01,86.4,Jan 2004
JPN,2004-02,86.7,Feb 2004
JPN,2004-03,87.3,Mar 2004
JPN,2004-04,87.8,Apr 2004
JPN,2004-05,88,May 2004
JPN,2004-06,88.2,Jun 2004
JPN,2004-07,89.1,Jul 2004
JPN,2004-08,89.2,Aug 2004
JPN,2004-09,89.5,Sep 2004
JPN,2004-10,89.8,Oct 2004
JPN,2004-11,89.9,Nov 2004
JPN,2004-12,89.9,Dec 2004
JPN,2005-01,90,Jan 2005
JPN,2005-02,90,Feb 2005
JPN,2005-03,90.3,Mar 2005
JPN,2005-04,91.2,Apr 2005
JPN,2005-05,91.3,May 2005
JPN,2005-06,91.1,Jun 2005
JPN,2005-07,92,Jul 2005
JPN,2005-08,92.3,Aug 2005
JPN,2005-09,92.4,Sep 2005
JPN,2005-10,93,Oct 2005
JPN,2005-11,93.2,Nov 2005
JPN,2005-12,93.3,Dec 2005
JPN,2006-01,93.6,Jan 2006
JPN,2006-02,94,Feb 2006
JPN,2006-03,94.2,Mar 2006
JPN,2006-04,94.8,Apr 2006
JPN,2006-05,95.6,May 2006
JPN,2006-06,95.6,Jun 2006
JPN,2006-07,96.6,Jul 2006
JPN,2006-08,97,Aug 2006
JPN,2006-09,97.2,Sep 2006
JPN,2006-10,96.5,Oct 2006
JPN,2006-11,96.3,Nov 2006
JPN,2006-12,96.4,Dec 2006
JPN,2007-01,96.5,Jan 2007
JPN,2007-02,96.4,Feb 2007
JPN,2007-03,96.7,Mar 2007
JPN,2007-04,98,Apr 2007
JPN,2007-05,98.5,May 2007
JPN,2007-06,98.7,Jun 2007
JPN,2007-07,99.6,Jul 2007
JPN,2007-08,99.6,Aug 2007
JPN,2007-09,99.4,Sep 2007
JPN,2007-10,99.9,Oct 2007
JPN,2007-11,100.2,Nov 2007
JPN,2007-12,100.3,Dec 2007
JPN,2008-01,101,Jan 2008
JPN,2008-02,101.4,Feb 2008
JPN,2008-03,101.9,Mar 2008
JPN,2008-04,103.9,Apr 2008
JPN,2008-05,105.1,May 2008
JPN,2008-06,106.3,Jun 2008
JPN,2008-07,109.8,Jul 2008
JPN,2008-08,110.2,Aug 2008
JPN,2008-09,109.5,Sep 2008
JPN,2008-10,106.8,Oct 2008
JPN,2008-11,104.5,Nov 2008
JPN,2008-12,103,Dec 2008
JPN,2009-01,100.6,Jan 2009
JPN,2009-02,99.9,Feb 2009
JPN,2009-03,99.6,Mar 2009
JPN,2009-04,98.6,Apr 2009
JPN,2009-05,97.6,May 2009
JPN,2009-06,97.1,Jun 2009
JPN,2009-07,97.8,Jul 2009
JPN,2009-08,97.8,Aug 2009
JPN,2009-09,97.7,Sep 2009
JPN,2009-10,96.6,Oct 2009
JPN,2009-11,96.7,Nov 2009
JPN,2009-12,96.7,Dec 2009
JPN,2010-01,97.6,Jan 2010
JPN,2010-02,97.6,Feb 2010
JPN,2010-03,97.7,Mar 2010
JPN,2010-04,98.4,Apr 2010
JPN,2010-05,98.6,May 2010
JPN,2010-06,98.4,Jun 2010
JPN,2010-07,98.6,Jul 2010
JPN,2010-08,98.5,Aug 2010
JPN,2010-09,98.4,Sep 2010
JPN,2010-10,98,Oct 2010
JPN,2010-11,98,Nov 2010
JPN,2010-12,98.5,Dec 2010
JPN,2011-01,99.2,Jan 2011
JPN,2011-02,99.4,Feb 2011
JPN,2011-03,100,Mar 2011
JPN,2011-04,101.4,Apr 2011
JPN,2011-05,101.5,May 2011
JPN,2011-06,101.5,Jun 2011
JPN,2011-07,102.1,Jul 2011
JPN,2011-08,102.1,Aug 2011
JPN,2011-09,101.8,Sep 2011
JPN,2011-10,100.8,Oct 2011
JPN,2011-11,100.8,Nov 2011
JPN,2011-12,100.7,Dec 2011
JPN,2012-01,100.7,Jan 2012
JPN,2012-02,100.8,Feb 2012
JPN,2012-03,101.3,Mar 2012
JPN,2012-04,101.2,Apr 2012
JPN,2012-05,100.7,May 2012
JPN,2012-06,100.1,Jun 2012
JPN,2012-07,99.7,Jul 2012
JPN,2012-08,100,Aug 2012
JPN,2012-09,100.2,Sep 2012
JPN,2012-10,99.5,Oct 2012
JPN,2012-11,99.4,Nov 2012
JPN,2012-12,99.7,Dec 2012
JPN,2013-01,100.3,Jan 2013
JPN,2013-02,100.8,Feb 2013
JPN,2013-03,100.9,Mar 2013
JPN,2013-04,101.7,Apr 2013
JPN,2013-05,102,May 2013
JPN,2013-06,102.1,Jun 2013
JPN,2013-07,103,Jul 2013
JPN,2013-08,103.3,Aug 2013
JPN,2013-09,103.6,Sep 2013
JPN,2013-10,103.4,Oct 2013
JPN,2013-11,103.3,Nov 2013
JPN,2013-12,103.6,Dec 2013
JPN,2014-01,104,Jan 2014
JPN,2014-02,104,Feb 2014
JPN,2014-03,104,Mar 2014
JPN,2014-04,104.3,Apr 2014
JPN,2014-05,104.5,May 2014
JPN,2014-06,104.7,Jun 2014
JPN,2014-07,105.4,Jul 2014
JPN,2014-08,105.2,Aug 2014
JPN,2014-09,105.1,Sep 2014
JPN,2014-10,103.9,Oct 2014
JPN,2014-11,103.6,Nov 2014
JPN,2014-12,103,Dec 2014
JPN,2015-01,101.3,Jan 2015
JPN,2015-02,101.1,Feb 2015
JPN,2015-03,101.3,Mar 2015
JPN,2015-04,101.3,Apr 2015
JPN,2015-05,101.5,May 2015
JPN,2015-06,101.1,Jun 2015
JPN,2015-07,100.6,Jul 2015
JPN,2015-08,99.7,Aug 2015
JPN,2015-09,99,Sep 2015
JPN,2015-10,97.9,Oct 2015
JPN,2015-11,97.8,Nov 2015
JPN,2015-12,97.3,Dec 2015
JPN,2016-01,96.1,Jan 2016
JPN,2016-02,95.6,Feb 2016
JPN,2016-03,95.4,Mar 2016
JPN,2016-04,94.7,Apr 2016
JPN,2016-05,94.7,May 2016
JPN,2016-06,94.6,Jun 2016
JPN,2016-07,94.8,Jul 2016
JPN,2016-08,94.4,Aug 2016
JPN,2016-09,94.3,Sep 2016
JPN,2016-10,94.1,Oct 2016
JPN,2016-11,94.5,Nov 2016
JPN,2016-12,95.3,Dec 2016
JPN,2017-01,96.5,Jan 2017
JPN,2017-02,96.9,Feb 2017
JPN,2017-03,97.1,Mar 2017
JPN,2017-04,97.4,Apr 2017
JPN,2017-05,97.6,May 2017
JPN,2017-06,97.7,Jun 2017
JPN,2017-07,98,Jul 2017
JPN,2017-08,98.1,Aug 2017
JPN,2017-09,98.4,Sep 2017
JPN,2017-10,98.8,Oct 2017
JPN,2017-11,99.1,Nov 2017
JPN,2017-12,99.3,Dec 2017
JPN,2018-01,99.9,Jan 2018
JPN,2018-02,100.1,Feb 2018
JPN,2018-03,100,Mar 2018
JPN,2018-04,100.7,Apr 2018
JPN,2018-05,101.4,May 2018
JPN,2018-06,101.7,Jun 2018
JPN,2018-07,102.3,Jul 2018
JPN,2018-08,102.4,Aug 2018
JPN,2018-09,102.7,Sep 2018
JPN,2018-10,103,Oct 2018
JPN,2018-11,102.7,Nov 2018
JPN,2018-12,102.2,Dec 2018
JPN,2019-01,101.6,Jan 2019
JPN,2019-02,101.9,Feb 2019
JPN,2019-03,102.2,Mar 2019
JPN,2019-04,102.6,Apr 2019
JPN,2019-05,102.4,May 2019
JPN,2019-06,101.8,Jun 2019
JPN,2019-07,101.8,Jul 2019
JPN,2019-08,101.5,Aug 2019
JPN,2019-09,101.5,Sep 2019
JPN,2019-10,101,Oct 2019
JPN,2019-11,101.1,Nov 2019
JPN,2019-12,101.2,Dec 2019
JPN,2020-01,101.3,Jan 2020
JPN,2020-02,100.9,Feb 2020
JPN,2020-03,99.9,Mar 2020
JPN,2020-04,97.8,Apr 2020
JPN,2020-05,97.3,May 2020
JPN,2020-06,97.9,Jun 2020
JPN,2020-07,98.7,Jul 2020
JPN,2020-08,98.7,Aug 2020
JPN,2020-09,98.5,Sep 2020
JPN,2020-10,97.8,Oct 2020
JPN,2020-11,97.7,Nov 2020
JPN,2020-12,98,Dec 2020
JPN,2021-01,99,Jan 2021
JPN,2021-02,99.8,Feb 2021
JPN,2021-03,100.8,Mar 2021
JPN,2021-04,102.4,Apr 2021
JPN,2021-05,103.4,May 2021
JPN,2021-06,104.5,Jun 2021
JPN,2021-07,106.3,Jul 2021
JPN,2021-08,106.7,Aug 2021
JPN,2021-09,107.4,Sep 2021
JPN,2021-10,109.4,Oct 2021
JPN,2021-11,110.5,Nov 2021
JPN,2021-12,110.9,Dec 2021
JPN,2022-01,112.7,Jan 2022
JPN,2022-02,114,Feb 2022
JPN,2022-03,115.3,Mar 2022
JPN,2022-04,117.4,Apr 2022
KOR,1980-01,33.54,Jan 1980
KOR,1980-02,41.05,Feb 1980
KOR,1980-03,42.46,Mar 1980
KOR,1980-04,42.84,Apr 1980
KOR,1980-05,42.98,May 1980
KOR,1980-06,43.06,Jun 1980
KOR,1980-07,43.06,Jul 1980
KOR,1980-08,43.58,Aug 1980
KOR,1980-09,44.32,Sep 1980
KOR,1980-10,44.85,Oct 1980
KOR,1980-11,45.81,Nov 1980
KOR,1980-12,47.97,Dec 1980
KOR,1981-01,48.79,Jan 1981
KOR,1981-02,49.15,Feb 1981
KOR,1981-03,49.53,Mar 1981
KOR,1981-04,50.65,Apr 1981
KOR,1981-05,52.36,May 1981
KOR,1981-06,52.72,Jun 1981
KOR,1981-07,52.72,Jul 1981
KOR,1981-08,52.88,Aug 1981
KOR,1981-09,52.88,Sep 1981
KOR,1981-10,52.81,Oct 1981
KOR,1981-11,52.72,Nov 1981
KOR,1981-12,53.84,Dec 1981
KOR,1982-01,54.29,Jan 1982
KOR,1982-02,54.44,Feb 1982
KOR,1982-03,54.22,Mar 1982
KOR,1982-04,54.14,Apr 1982
KOR,1982-05,54.14,May 1982
KOR,1982-06,54.22,Jun 1982
KOR,1982-07,54.14,Jul 1982
KOR,1982-08,54.14,Aug 1982
KOR,1982-09,54.14,Sep 1982
KOR,1982-10,54.14,Oct 1982
KOR,1982-11,54.07,Nov 1982
KOR,1982-12,53.99,Dec 1982
KOR,1983-01,53.92,Jan 1983
KOR,1983-02,53.7,Feb 1983
KOR,1983-03,53.7,Mar 1983
KOR,1983-04,53.47,Apr 1983
KOR,1983-05,52.88,May 1983
KOR,1983-06,52.95,Jun 1983
KOR,1983-07,53.02,Jul 1983
KOR,1983-08,53.17,Aug 1983
KOR,1983-09,53.25,Sep 1983
KOR,1983-10,53.25,Oct 1983
KOR,1983-11,53.4,Nov 1983
KOR,1983-12,53.47,Dec 1983
KOR,1984-01,53.47,Jan 1984
KOR,1984-02,53.47,Feb 1984
KOR,1984-03,53.54,Mar 1984
KOR,1984-04,53.63,Apr 1984
KOR,1984-05,53.63,May 1984
KOR,1984-06,53.7,Jun 1984
KOR,1984-07,53.7,Jul 1984
KOR,1984-08,53.7,Aug 1984
KOR,1984-09,53.7,Sep 1984
KOR,1984-10,53.54,Oct 1984
KOR,1984-11,53.47,Nov 1984
KOR,1984-12,53.32,Dec 1984
KOR,1985-01,53.32,Jan 1985
KOR,1985-02,53.25,Feb 1985
KOR,1985-03,53.25,Mar 1985
KOR,1985-04,53.25,Apr 1985
KOR,1985-05,53.25,May 1985
KOR,1985-06,53.25,Jun 1985
KOR,1985-07,53.25,Jul 1985
KOR,1985-08,53.25,Aug 1985
KOR,1985-09,53.25,Sep 1985
KOR,1985-10,53.17,Oct 1985
KOR,1985-11,53.1,Nov 1985
KOR,1985-12,53.1,Dec 1985
KOR,1986-01,53.1,Jan 1986
KOR,1986-02,52.72,Feb 1986
KOR,1986-03,51.92,Mar 1986
KOR,1986-04,51.17,Apr 1986
KOR,1986-05,51.17,May 1986
KOR,1986-06,51.17,Jun 1986
KOR,1986-07,51.24,Jul 1986
KOR,1986-08,51.17,Aug 1986
KOR,1986-09,51.38,Sep 1986
KOR,1986-10,51.38,Oct 1986
KOR,1986-11,51.47,Nov 1986
KOR,1986-12,51.54,Dec 1986
KOR,1987-01,51.62,Jan 1987
KOR,1987-02,51.76,Feb 1987
KOR,1987-03,51.76,Mar 1987
KOR,1987-04,51.83,Apr 1987
KOR,1987-05,51.98,May 1987
KOR,1987-06,51.76,Jun 1987
KOR,1987-07,51.83,Jul 1987
KOR,1987-08,51.83,Aug 1987
KOR,1987-09,51.92,Sep 1987
KOR,1987-10,51.83,Oct 1987
KOR,1987-11,51.62,Nov 1987
KOR,1987-12,51.92,Dec 1987
KOR,1988-01,52.13,Jan 1988
KOR,1988-02,52.21,Feb 1988
KOR,1988-03,51.76,Mar 1988
KOR,1988-04,51.62,Apr 1988
KOR,1988-05,51.62,May 1988
KOR,1988-06,51.54,Jun 1988
KOR,1988-07,51.62,Jul 1988
KOR,1988-08,51.76,Aug 1988
KOR,1988-09,51.76,Sep 1988
KOR,1988-10,51.83,Oct 1988
KOR,1988-11,51.83,Nov 1988
KOR,1988-12,51.98,Dec 1988
KOR,1989-01,51.98,Jan 1989
KOR,1989-02,52.06,Feb 1989
KOR,1989-03,51.98,Mar 1989
KOR,1989-04,52.06,Apr 1989
KOR,1989-05,52.06,May 1989
KOR,1989-06,51.98,Jun 1989
KOR,1989-07,51.62,Jul 1989
KOR,1989-08,51.47,Aug 1989
KOR,1989-09,51.54,Sep 1989
KOR,1989-10,51.54,Oct 1989
KOR,1989-11,51.47,Nov 1989
KOR,1989-12,51.38,Dec 1989
KOR,1990-01,51.38,Jan 1990
KOR,1990-02,51.38,Feb 1990
KOR,1990-03,51.54,Mar 1990
KOR,1990-04,51.68,Apr 1990
KOR,1990-05,51.92,May 1990
KOR,1990-06,52.06,Jun 1990
KOR,1990-07,52.06,Jul 1990
KOR,1990-08,52.06,Aug 1990
KOR,1990-09,52.65,Sep 1990
KOR,1990-10,53.47,Oct 1990
KOR,1990-11,53.92,Nov 1990
KOR,1990-12,54.36,Dec 1990
KOR,1991-01,54.43,Jan 1991
KOR,1991-02,54.52,Feb 1991
KOR,1991-03,54.43,Mar 1991
KOR,1991-04,54.36,Apr 1991
KOR,1991-05,54.29,May 1991
KOR,1991-06,54.36,Jun 1991
KOR,1991-07,54.22,Jul 1991
KOR,1991-08,54.29,Aug 1991
KOR,1991-09,54.29,Sep 1991
KOR,1991-10,54.29,Oct 1991
KOR,1991-11,54.29,Nov 1991
KOR,1991-12,54.43,Dec 1991
KOR,1992-01,54.52,Jan 1992
KOR,1992-02,54.59,Feb 1992
KOR,1992-03,54.81,Mar 1992
KOR,1992-04,54.81,Apr 1992
KOR,1992-05,54.81,May 1992
KOR,1992-06,54.97,Jun 1992
KOR,1992-07,55.41,Jul 1992
KOR,1992-08,55.41,Aug 1992
KOR,1992-09,55.33,Sep 1992
KOR,1992-10,55.18,Oct 1992
KOR,1992-11,55.03,Nov 1992
KOR,1992-12,54.97,Dec 1992
KOR,1993-01,55.03,Jan 1993
KOR,1993-02,55.18,Feb 1993
KOR,1993-03,55.41,Mar 1993
KOR,1993-04,55.56,Apr 1993
KOR,1993-05,55.63,May 1993
KOR,1993-06,55.63,Jun 1993
KOR,1993-07,55.56,Jul 1993
KOR,1993-08,55.48,Aug 1993
KOR,1993-09,55.41,Sep 1993
KOR,1993-10,55.26,Oct 1993
KOR,1993-11,55.03,Nov 1993
KOR,1993-12,54.88,Dec 1993
KOR,1994-01,54.97,Jan 1994
KOR,1994-02,54.88,Feb 1994
KOR,1994-03,54.97,Mar 1994
KOR,1994-04,55.03,Apr 1994
KOR,1994-05,55.11,May 1994
KOR,1994-06,55.41,Jun 1994
KOR,1994-07,55.77,Jul 1994
KOR,1994-08,56.15,Aug 1994
KOR,1994-09,56.59,Sep 1994
KOR,1994-10,57.04,Oct 1994
KOR,1994-11,57.41,Nov 1994
KOR,1994-12,57.71,Dec 1994
KOR,1995-01,58.27,Jan 1995
KOR,1995-02,58.7,Feb 1995
KOR,1995-03,59.12,Mar 1995
KOR,1995-04,59.55,Apr 1995
KOR,1995-05,60.05,May 1995
KOR,1995-06,60.39,Jun 1995
KOR,1995-07,60.64,Jul 1995
KOR,1995-08,60.82,Aug 1995
KOR,1995-09,61.07,Sep 1995
KOR,1995-10,60.82,Oct 1995
KOR,1995-11,60.64,Nov 1995
KOR,1995-12,60.64,Dec 1995
KOR,1996-01,60.98,Jan 1996
KOR,1996-02,61.07,Feb 1996
KOR,1996-03,60.64,Mar 1996
KOR,1996-04,60.82,Apr 1996
KOR,1996-05,60.82,May 1996
KOR,1996-06,60.64,Jun 1996
KOR,1996-07,60.73,Jul 1996
KOR,1996-08,60.9,Aug 1996
KOR,1996-09,61.07,Sep 1996
KOR,1996-10,61.32,Oct 1996
KOR,1996-11,61.49,Nov 1996
KOR,1996-12,61.58,Dec 1996
KOR,1997-01,62.09,Jan 1997
KOR,1997-02,62.34,Feb 1997
KOR,1997-03,62.34,Mar 1997
KOR,1997-04,62.51,Apr 1997
KOR,1997-05,62.51,May 1997
KOR,1997-06,62.6,Jun 1997
KOR,1997-07,62.42,Jul 1997
KOR,1997-08,62.51,Aug 1997
KOR,1997-09,63.02,Sep 1997
KOR,1997-10,63.1,Oct 1997
KOR,1997-11,63.53,Nov 1997
KOR,1997-12,70.81,Dec 1997
KOR,1998-01,75.3,Jan 1998
KOR,1998-02,78.26,Feb 1998
KOR,1998-03,77.33,Mar 1998
KOR,1998-04,77.33,Apr 1998
KOR,1998-05,75.81,May 1998
KOR,1998-06,75.55,Jun 1998
KOR,1998-07,75.04,Jul 1998
KOR,1998-08,73.61,Aug 1998
KOR,1998-09,73.18,Sep 1998
KOR,1998-10,73.43,Oct 1998
KOR,1998-11,73.1,Nov 1998
KOR,1998-12,72.34,Dec 1998
KOR,1999-01,70.81,Jan 1999
KOR,1999-02,69.97,Feb 1999
KOR,1999-03,69.71,Mar 1999
KOR,1999-04,69.79,Apr 1999
KOR,1999-05,70.38,May 1999
KOR,1999-06,70.3,Jun 1999
KOR,1999-07,69.79,Jul 1999
KOR,1999-08,70.38,Aug 1999
KOR,1999-09,71.06,Sep 1999
KOR,1999-10,72.76,Oct 1999
KOR,1999-11,73.77,Nov 1999
KOR,1999-12,73.61,Dec 1999
KOR,2000-01,74.36,Jan 2000
KOR,2000-02,74.36,Feb 2000
KOR,2000-03,74.36,Mar 2000
KOR,2000-04,74.28,Apr 2000
KOR,2000-05,73.69,May 2000
KOR,2000-06,74.03,Jun 2000
KOR,2000-07,74.11,Jul 2000
KOR,2000-08,74.2,Aug 2000
KOR,2000-09,74.54,Sep 2000
KOR,2000-10,74.7,Oct 2000
KOR,2000-11,74.79,Nov 2000
KOR,2000-12,75.04,Dec 2000
KOR,2001-01,74.7,Jan 2001
KOR,2001-02,74.45,Feb 2001
KOR,2001-03,74.36,Mar 2001
KOR,2001-04,74.28,Apr 2001
KOR,2001-05,74.03,May 2001
KOR,2001-06,73.35,Jun 2001
KOR,2001-07,73.1,Jul 2001
KOR,2001-08,72.34,Aug 2001
KOR,2001-09,72.25,Sep 2001
KOR,2001-10,72.08,Oct 2001
KOR,2001-11,71.32,Nov 2001
KOR,2001-12,70.47,Dec 2001
KOR,2002-01,70.47,Jan 2002
KOR,2002-02,70.9,Feb 2002
KOR,2002-03,71.49,Mar 2002
KOR,2002-04,72.58,Apr 2002
KOR,2002-05,72.92,May 2002
KOR,2002-06,72.34,Jun 2002
KOR,2002-07,71.91,Jul 2002
KOR,2002-08,71.99,Aug 2002
KOR,2002-09,71.91,Sep 2002
KOR,2002-10,72.42,Oct 2002
KOR,2002-11,72.34,Nov 2002
KOR,2002-12,72.25,Dec 2002
KOR,2003-01,72.84,Jan 2003
KOR,2003-02,73.95,Feb 2003
KOR,2003-03,75.3,Mar 2003
KOR,2003-04,75.04,Apr 2003
KOR,2003-05,73.52,May 2003
KOR,2003-06,73.1,Jun 2003
KOR,2003-07,73.43,Jul 2003
KOR,2003-08,73.69,Aug 2003
KOR,2003-09,74.11,Sep 2003
KOR,2003-10,74.11,Oct 2003
KOR,2003-11,74.7,Nov 2003
KOR,2003-12,75.47,Dec 2003
KOR,2004-01,76.91,Jan 2004
KOR,2004-02,78.6,Feb 2004
KOR,2004-03,79.87,Mar 2004
KOR,2004-04,81.14,Apr 2004
KOR,2004-05,81.73,May 2004
KOR,2004-06,81.91,Jun 2004
KOR,2004-07,81.99,Jul 2004
KOR,2004-08,82.92,Aug 2004
KOR,2004-09,84.36,Sep 2004
KOR,2004-10,85.13,Oct 2004
KOR,2004-11,85.47,Nov 2004
KOR,2004-12,84.19,Dec 2004
KOR,2005-01,84.44,Jan 2005
KOR,2005-02,84.44,Feb 2005
KOR,2005-03,84.62,Mar 2005
KOR,2005-04,85.04,Apr 2005
KOR,2005-05,84.28,May 2005
KOR,2005-06,83.6,Jun 2005
KOR,2005-07,84.19,Jul 2005
KOR,2005-08,84.44,Aug 2005
KOR,2005-09,85.04,Sep 2005
KOR,2005-10,85.89,Oct 2005
KOR,2005-11,85.71,Nov 2005
KOR,2005-12,84.78,Dec 2005
KOR,2006-01,84.62,Jan 2006
KOR,2006-02,84.62,Feb 2006
KOR,2006-03,84.44,Mar 2006
KOR,2006-04,84.7,Apr 2006
KOR,2006-05,85.47,May 2006
KOR,2006-06,85.47,Jun 2006
KOR,2006-07,85.8,Jul 2006
KOR,2006-08,86.48,Aug 2006
KOR,2006-09,86.99,Sep 2006
KOR,2006-10,86.22,Oct 2006
KOR,2006-11,85.29,Nov 2006
KOR,2006-12,84.95,Dec 2006
KOR,2007-01,84.62,Jan 2007
KOR,2007-02,84.36,Feb 2007
KOR,2007-03,85.13,Mar 2007
KOR,2007-04,86.22,Apr 2007
KOR,2007-05,87.24,May 2007
KOR,2007-06,87.41,Jun 2007
KOR,2007-07,87.41,Jul 2007
KOR,2007-08,87.41,Aug 2007
KOR,2007-09,87.41,Sep 2007
KOR,2007-10,87.92,Oct 2007
KOR,2007-11,88.6,Nov 2007
KOR,2007-12,89.11,Dec 2007
KOR,2008-01,89.87,Jan 2008
KOR,2008-02,91.31,Feb 2008
KOR,2008-03,93.68,Mar 2008
KOR,2008-04,97.07,Apr 2008
KOR,2008-05,100.2,May 2008
KOR,2008-06,103.33,Jun 2008
KOR,2008-07,106.47,Jul 2008
KOR,2008-08,105.96,Aug 2008
KOR,2008-09,105.45,Sep 2008
KOR,2008-10,105.29,Oct 2008
KOR,2008-11,100.88,Nov 2008
KOR,2008-12,97.41,Dec 2008
KOR,2009-01,96.05,Jan 2009
KOR,2009-02,97.23,Feb 2009
KOR,2009-03,97.92,Mar 2009
KOR,2009-04,97.41,Apr 2009
KOR,2009-05,96.05,May 2009
KOR,2009-06,95.96,Jun 2009
KOR,2009-07,97.23,Jul 2009
KOR,2009-08,98.16,Aug 2009
KOR,2009-09,98.76,Sep 2009
KOR,2009-10,97.83,Oct 2009
KOR,2009-11,98.08,Nov 2009
KOR,2009-12,98.68,Dec 2009
KOR,2010-01,99.31,Jan 2010
KOR,2010-02,99.29,Feb 2010
KOR,2010-03,99.74,Mar 2010
KOR,2010-04,100.67,Apr 2010
KOR,2010-05,102.13,May 2010
KOR,2010-06,102.56,Jun 2010
KOR,2010-07,102.87,Jul 2010
KOR,2010-08,103.09,Aug 2010
KOR,2010-09,103.34,Sep 2010
KOR,2010-10,104.19,Oct 2010
KOR,2010-11,104.78,Nov 2010
KOR,2010-12,105.87,Dec 2010
KOR,2011-01,107.59,Jan 2011
KOR,2011-02,108.65,Feb 2011
KOR,2011-03,110.31,Mar 2011
KOR,2011-04,111.49,Apr 2011
KOR,2011-05,112.19,May 2011
KOR,2011-06,111.79,Jun 2011
KOR,2011-07,111.56,Jul 2011
KOR,2011-08,111.46,Aug 2011
KOR,2011-09,111.86,Sep 2011
KOR,2011-10,111.74,Oct 2011
KOR,2011-11,111.02,Nov 2011
KOR,2011-12,110.83,Dec 2011
KOR,2012-01,111.59,Jan 2012
KOR,2012-02,112.27,Feb 2012
KOR,2012-03,112.89,Mar 2012
KOR,2012-04,113.04,Apr 2012
KOR,2012-05,112.11,May 2012
KOR,2012-06,110.42,Jun 2012
KOR,2012-07,109.68,Jul 2012
KOR,2012-08,110.26,Aug 2012
KOR,2012-09,110.71,Sep 2012
KOR,2012-10,109.85,Oct 2012
KOR,2012-11,109.01,Nov 2012
KOR,2012-12,108.45,Dec 2012
KOR,2013-01,108.56,Jan 2013
KOR,2013-02,109.43,Feb 2013
KOR,2013-03,108.91,Mar 2013
KOR,2013-04,108.49,Apr 2013
KOR,2013-05,108.08,May 2013
KOR,2013-06,108.09,Jun 2013
KOR,2013-07,107.93,Jul 2013
KOR,2013-08,108.07,Aug 2013
KOR,2013-09,107.89,Sep 2013
KOR,2013-10,107.62,Oct 2013
KOR,2013-11,107.22,Nov 2013
KOR,2013-12,107.42,Dec 2013
KOR,2014-01,107.46,Jan 2014
KOR,2014-02,107.51,Feb 2014
KOR,2014-03,107.3,Mar 2014
KOR,2014-04,107,Apr 2014
KOR,2014-05,107.03,May 2014
KOR,2014-06,107.04,Jun 2014
KOR,2014-07,107.05,Jul 2014
KOR,2014-08,106.85,Aug 2014
KOR,2014-09,106.43,Sep 2014
KOR,2014-10,105.53,Oct 2014
KOR,2014-11,104.92,Nov 2014
KOR,2014-12,103.31,Dec 2014
KOR,2015-01,101.6,Jan 2015
KOR,2015-02,101.41,Feb 2015
KOR,2015-03,101.38,Mar 2015
KOR,2015-04,101.19,Apr 2015
KOR,2015-05,101.19,May 2015
KOR,2015-06,101.24,Jun 2015
KOR,2015-07,100.59,Jul 2015
KOR,2015-08,99.67,Aug 2015
KOR,2015-09,99.02,Sep 2015
KOR,2015-10,98.16,Oct 2015
KOR,2015-11,97.49,Nov 2015
KOR,2015-12,97.05,Dec 2015
KOR,2016-01,96.14,Jan 2016
KOR,2016-02,95.83,Feb 2016
KOR,2016-03,95.76,Mar 2016
KOR,2016-04,96.01,Apr 2016
KOR,2016-05,96.38,May 2016
KOR,2016-06,96.81,Jun 2016
KOR,2016-07,96.81,Jul 2016
KOR,2016-08,96.58,Aug 2016
KOR,2016-09,96.57,Sep 2016
KOR,2016-10,97.11,Oct 2016
KOR,2016-11,97.89,Nov 2016
KOR,2016-12,99.15,Dec 2016
KOR,2017-01,100.98,Jan 2017
KOR,2017-02,101.44,Feb 2017
KOR,2017-03,101.27,Mar 2017
KOR,2017-04,100.92,Apr 2017
KOR,2017-05,100.49,May 2017
KOR,2017-06,99.95,Jun 2017
KOR,2017-07,99.99,Jul 2017
KOR,2017-08,100.37,Aug 2017
KOR,2017-09,101.3,Sep 2017
KOR,2017-10,101.98,Oct 2017
KOR,2017-11,101.92,Nov 2017
KOR,2017-12,101.9,Dec 2017
KOR,2018-01,102.33,Jan 2018
KOR,2018-02,102.61,Feb 2018
KOR,2018-03,102.57,Mar 2018
KOR,2018-04,102.62,Apr 2018
KOR,2018-05,103.07,May 2018
KOR,2018-06,103.32,Jun 2018
KOR,2018-07,103.84,Jul 2018
KOR,2018-08,104.01,Aug 2018
KOR,2018-09,104.2,Sep 2018
KOR,2018-10,104.28,Oct 2018
KOR,2018-11,103.51,Nov 2018
KOR,2018-12,102.62,Dec 2018
KOR,2019-01,102.36,Jan 2019
KOR,2019-02,102.66,Feb 2019
KOR,2019-03,103.02,Mar 2019
KOR,2019-04,103.3,Apr 2019
KOR,2019-05,103.56,May 2019
KOR,2019-06,103.19,Jun 2019
KOR,2019-07,103.23,Jul 2019
KOR,2019-08,103.34,Aug 2019
KOR,2019-09,103.16,Sep 2019
KOR,2019-10,103.03,Oct 2019
KOR,2019-11,102.83,Nov 2019
KOR,2019-12,102.96,Dec 2019
KOR,2020-01,103.17,Jan 2020
KOR,2020-02,102.94,Feb 2020
KOR,2020-03,101.6,Mar 2020
KOR,2020-04,100.61,Apr 2020
KOR,2020-05,100.43,May 2020
KOR,2020-06,100.98,Jun 2020
KOR,2020-07,101.27,Jul 2020
KOR,2020-08,101.62,Aug 2020
KOR,2020-09,101.62,Sep 2020
KOR,2020-10,101.54,Oct 2020
KOR,2020-11,101.75,Nov 2020
KOR,2020-12,102.7,Dec 2020
KOR,2021-01,103.84,Jan 2021
KOR,2021-02,104.92,Feb 2021
KOR,2021-03,106.52,Mar 2021
KOR,2021-04,108.24,Apr 2021
KOR,2021-05,109.09,May 2021
KOR,2021-06,109.84,Jun 2021
KOR,2021-07,111.22,Jul 2021
KOR,2021-08,111.99,Aug 2021
KOR,2021-09,112.58,Sep 2021
KOR,2021-10,114.32,Oct 2021
KOR,2021-11,115.37,Nov 2021
KOR,2021-12,115.21,Dec 2021
KOR,2022-01,116.49,Jan 2022
KOR,2022-02,117.4,Feb 2022
KOR,2022-03,119.47,Mar 2022
KOR,2022-04,121.8,Apr 2022
KOR,2022-05,122.48,May 2022
KOR,2022-06,123.02,Jun 2022
KOR,2022-07,123.26,Jul 2022
KOR,2022-08,122.48,Aug 2022
KOR,2022-09,122.61,Sep 2022
KOR,2022-10,123.68,Oct 2022
KOR,2022-11,123.33,Nov 2022
KOR,2022-12,122.68,Dec 2022
