location,time,ppi_tot_fin_stage,date
JPN,1960-01,62.8903,Jan 1960
JPN,1960-02,62.8903,Feb 1960
JPN,1960-03,62.79142,Mar 1960
JPN,1960-04,62.59365,Apr 1960
JPN,1960-05,62.59365,May 1960
JPN,1960-06,62.59365,Jun 1960
JPN,1960-07,62.59365,Jul 1960
JPN,1960-08,62.8903,Aug 1960
JPN,1960-09,62.8903,Sep 1960
JPN,1960-10,62.8903,Oct 1960
JPN,1960-11,62.79142,Nov 1960
JPN,1960-12,62.8903,Dec 1960
JPN,1961-01,62.79142,Jan 1961
JPN,1961-02,62.79142,Feb 1961
JPN,1961-03,62.79142,Mar 1961
JPN,1961-04,62.8903,Apr 1961
JPN,1961-05,62.8903,May 1961
JPN,1961-06,63.18695,Jun 1961
JPN,1961-07,63.18695,Jul 1961
JPN,1961-08,63.38472,Aug 1961
JPN,1961-09,63.4836,Sep 1961
JPN,1961-10,63.68137,Oct 1961
JPN,1961-11,63.68137,Nov 1961
JPN,1961-12,63.68137,Dec 1961
JPN,1962-01,63.58249,Jan 1962
JPN,1962-02,63.58249,Feb 1962
JPN,1962-03,63.38472,Mar 1962
JPN,1962-04,62.79142,Apr 1962
JPN,1962-05,62.79142,May 1962
JPN,1962-06,62.59365,Jun 1962
JPN,1962-07,62.8903,Jul 1962
JPN,1962-08,63.18695,Aug 1962
JPN,1962-09,63.18695,Sep 1962
JPN,1962-10,63.28584,Oct 1962
JPN,1962-11,63.38472,Nov 1962
JPN,1962-12,64.27468,Dec 1962
JPN,1963-01,64.27468,Jan 1963
JPN,1963-02,64.47244,Feb 1963
JPN,1963-03,64.27468,Mar 1963
JPN,1963-04,64.47244,Apr 1963
JPN,1963-05,64.47244,May 1963
JPN,1963-06,64.67021,Jun 1963
JPN,1963-07,64.67021,Jul 1963
JPN,1963-08,65.16463,Aug 1963
JPN,1963-09,65.16463,Sep 1963
JPN,1963-10,65.26352,Oct 1963
JPN,1963-11,65.16463,Nov 1963
JPN,1963-12,65.16463,Dec 1963
JPN,1964-01,65.16463,Jan 1964
JPN,1964-02,64.7691,Feb 1964
JPN,1964-03,64.57133,Mar 1964
JPN,1964-04,64.67021,Apr 1964
JPN,1964-05,64.47244,May 1964
JPN,1964-06,64.27468,Jun 1964
JPN,1964-07,64.47244,Jul 1964
JPN,1964-08,64.47244,Aug 1964
JPN,1964-09,64.57133,Sep 1964
JPN,1964-10,64.57133,Oct 1964
JPN,1964-11,64.67021,Nov 1964
JPN,1964-12,64.67021,Dec 1964
JPN,1965-01,65.85683,Jan 1965
JPN,1965-02,65.95571,Feb 1965
JPN,1965-03,66.0546,Mar 1965
JPN,1965-04,65.95571,Apr 1965
JPN,1965-05,65.95571,May 1965
JPN,1965-06,65.95571,Jun 1965
JPN,1965-07,66.0546,Jul 1965
JPN,1965-08,66.25236,Aug 1965
JPN,1965-09,66.45013,Sep 1965
JPN,1965-10,66.45013,Oct 1965
JPN,1965-11,66.45013,Nov 1965
JPN,1965-12,66.74678,Dec 1965
JPN,1966-01,67.14232,Jan 1966
JPN,1966-02,67.2412,Feb 1966
JPN,1966-03,67.04343,Mar 1966
JPN,1966-04,66.84566,Apr 1966
JPN,1966-05,66.6479,May 1966
JPN,1966-06,66.84566,Jun 1966
JPN,1966-07,66.74678,Jul 1966
JPN,1966-08,67.14232,Aug 1966
JPN,1966-09,67.2412,Sep 1966
JPN,1966-10,67.34009,Oct 1966
JPN,1966-11,67.34009,Nov 1966
JPN,1966-12,67.53786,Dec 1966
JPN,1967-01,67.34009,Jan 1967
JPN,1967-02,67.53786,Feb 1967
JPN,1967-03,67.8345,Mar 1967
JPN,1967-04,67.53786,Apr 1967
JPN,1967-05,67.63674,May 1967
JPN,1967-06,67.53786,Jun 1967
JPN,1967-07,67.8345,Jul 1967
JPN,1967-08,68.13116,Aug 1967
JPN,1967-09,68.5267,Sep 1967
JPN,1967-10,69.21889,Oct 1967
JPN,1967-11,69.21889,Nov 1967
JPN,1967-12,69.41665,Dec 1967
JPN,1968-01,69.31777,Jan 1968
JPN,1968-02,69.41665,Feb 1968
JPN,1968-03,69.41665,Mar 1968
JPN,1968-04,69.21889,Apr 1968
JPN,1968-05,69.91107,May 1968
JPN,1968-06,69.91107,Jun 1968
JPN,1968-07,70.00996,Jul 1968
JPN,1968-08,70.00996,Aug 1968
JPN,1968-09,70.50438,Sep 1968
JPN,1968-10,70.80103,Oct 1968
JPN,1968-11,71.09768,Nov 1968
JPN,1968-12,70.89992,Dec 1968
JPN,1969-01,70.80103,Jan 1969
JPN,1969-02,70.80103,Feb 1969
JPN,1969-03,71.09768,Mar 1969
JPN,1969-04,71.09768,Apr 1969
JPN,1969-05,71.09768,May 1969
JPN,1969-06,71.49322,Jun 1969
JPN,1969-07,71.5921,Jul 1969
JPN,1969-08,71.5921,Aug 1969
JPN,1969-09,71.98764,Sep 1969
JPN,1969-10,72.08652,Oct 1969
JPN,1969-11,72.08652,Nov 1969
JPN,1969-12,72.28429,Dec 1969
JPN,1970-01,72.58095,Jan 1970
JPN,1970-02,72.67982,Feb 1970
JPN,1970-03,72.67982,Mar 1970
JPN,1970-04,72.77871,Apr 1970
JPN,1970-05,72.77871,May 1970
JPN,1970-06,72.97648,Jun 1970
JPN,1970-07,73.07536,Jul 1970
JPN,1970-08,73.27313,Aug 1970
JPN,1970-09,73.76756,Sep 1970
JPN,1970-10,73.86644,Oct 1970
JPN,1970-11,73.96532,Nov 1970
JPN,1970-12,74.26197,Dec 1970
JPN,1971-01,73.96532,Jan 1971
JPN,1971-02,73.96532,Feb 1971
JPN,1971-03,73.96532,Mar 1971
JPN,1971-04,74.16309,Apr 1971
JPN,1971-05,74.26197,May 1971
JPN,1971-06,74.26197,Jun 1971
JPN,1971-07,74.36086,Jul 1971
JPN,1971-08,74.65751,Aug 1971
JPN,1971-09,74.55862,Sep 1971
JPN,1971-10,74.45974,Oct 1971
JPN,1971-11,74.55862,Nov 1971
JPN,1971-12,74.65751,Dec 1971
JPN,1972-01,74.26197,Jan 1972
JPN,1972-02,74.45974,Feb 1972
JPN,1972-03,74.95416,Mar 1972
JPN,1972-04,74.95416,Apr 1972
JPN,1972-05,75.05305,May 1972
JPN,1972-06,75.05305,Jun 1972
JPN,1972-07,75.05305,Jul 1972
JPN,1972-08,75.54747,Aug 1972
JPN,1972-09,75.84412,Sep 1972
JPN,1972-10,75.84412,Oct 1972
JPN,1972-11,76.33854,Nov 1972
JPN,1972-12,76.43742,Dec 1972
JPN,1973-01,76.73408,Jan 1973
JPN,1973-02,78.11845,Feb 1973
JPN,1973-03,79.99725,Mar 1973
JPN,1973-04,80.19502,Apr 1973
JPN,1973-05,80.98609,May 1973
JPN,1973-06,81.67828,Jun 1973
JPN,1973-07,82.37048,Jul 1973
JPN,1973-08,83.26043,Aug 1973
JPN,1973-09,84.44704,Sep 1973
JPN,1973-10,85.73253,Oct 1973
JPN,1973-11,87.11691,Nov 1973
JPN,1973-12,90.8745,Dec 1973
JPN,1974-01,95.42318,Jan 1974
JPN,1974-02,98.983,Feb 1974
JPN,1974-03,99.37854,Mar 1974
JPN,1974-04,99.67519,Apr 1974
JPN,1974-05,99.97185,May 1974
JPN,1974-06,100.8618,Jun 1974
JPN,1974-07,102.2462,Jul 1974
JPN,1974-08,102.4439,Aug 1974
JPN,1974-09,103.4328,Sep 1974
JPN,1974-10,104.5205,Oct 1974
JPN,1974-11,105.7071,Nov 1974
JPN,1974-12,106.2015,Dec 1974
JPN,1975-01,106.2015,Jan 1975
JPN,1975-02,106.2015,Feb 1975
JPN,1975-03,106.4982,Mar 1975
JPN,1975-04,106.4982,Apr 1975
JPN,1975-05,106.4982,May 1975
JPN,1975-06,106.696,Jun 1975
JPN,1975-07,107.0915,Jul 1975
JPN,1975-08,107.1904,Aug 1975
JPN,1975-09,107.7837,Sep 1975
JPN,1975-10,108.0803,Oct 1975
JPN,1975-11,108.0803,Nov 1975
JPN,1975-12,108.6736,Dec 1975
JPN,1976-01,109.6625,Jan 1976
JPN,1976-02,110.2558,Feb 1976
JPN,1976-03,110.6513,Mar 1976
JPN,1976-04,110.7502,Apr 1976
JPN,1976-05,110.7502,May 1976
JPN,1976-06,110.948,Jun 1976
JPN,1976-07,111.4424,Jul 1976
JPN,1976-08,112.0357,Aug 1976
JPN,1976-09,112.629,Sep 1976
JPN,1976-10,112.9257,Oct 1976
JPN,1976-11,113.0246,Nov 1976
JPN,1976-12,113.6179,Dec 1976
JPN,1977-01,113.6179,Jan 1977
JPN,1977-02,114.2112,Feb 1977
JPN,1977-03,114.31,Mar 1977
JPN,1977-04,114.4089,Apr 1977
JPN,1977-05,115.1011,May 1977
JPN,1977-06,115.2,Jun 1977
JPN,1977-07,115.2,Jul 1977
JPN,1977-08,115.4967,Aug 1977
JPN,1977-09,115.9911,Sep 1977
JPN,1977-10,115.7933,Oct 1977
JPN,1977-11,115.9911,Nov 1977
JPN,1977-12,115.9911,Dec 1977
JPN,1978-01,115.6944,Jan 1978
JPN,1978-02,115.6944,Feb 1978
JPN,1978-03,115.6944,Mar 1978
JPN,1978-04,115.6944,Apr 1978
JPN,1978-05,115.9911,May 1978
JPN,1978-06,116.2877,Jun 1978
JPN,1978-07,116.2877,Jul 1978
JPN,1978-08,116.2877,Aug 1978
JPN,1978-09,116.3866,Sep 1978
JPN,1978-10,116.1888,Oct 1978
JPN,1978-11,115.9911,Nov 1978
JPN,1978-12,115.9911,Dec 1978
JPN,1979-01,115.9911,Jan 1979
JPN,1979-02,115.9911,Feb 1979
JPN,1979-03,116.2877,Mar 1979
JPN,1979-04,116.5844,Apr 1979
JPN,1979-05,116.881,May 1979
JPN,1979-06,117.5732,Jun 1979
JPN,1979-07,117.8699,Jul 1979
JPN,1979-08,118.6609,Aug 1979
JPN,1979-09,119.2542,Sep 1979
JPN,1979-10,119.452,Oct 1979
JPN,1979-11,119.9464,Nov 1979
JPN,1979-12,120.6386,Dec 1979
JPN,1980-01,122.1219,Jan 1980
JPN,1980-02,123.0118,Feb 1980
JPN,1980-03,123.8029,Mar 1980
JPN,1980-04,125.0884,Apr 1980
JPN,1980-05,125.8795,May 1980
JPN,1980-06,126.275,Jun 1980
JPN,1980-07,126.8683,Jul 1980
JPN,1980-08,127.4616,Aug 1980
JPN,1980-09,127.7583,Sep 1980
JPN,1980-10,128.0549,Oct 1980
JPN,1980-11,128.4505,Nov 1980
JPN,1980-12,128.5494,Dec 1980
JPN,1981-01,128.5494,Jan 1981
JPN,1981-02,128.7471,Feb 1981
JPN,1981-03,128.7471,Mar 1981
JPN,1981-04,128.7471,Apr 1981
JPN,1981-05,129.3404,May 1981
JPN,1981-06,128.846,Jun 1981
JPN,1981-07,129.1427,Jul 1981
JPN,1981-08,129.5382,Aug 1981
JPN,1981-09,129.8349,Sep 1981
JPN,1981-10,129.6371,Oct 1981
JPN,1981-11,129.9337,Nov 1981
JPN,1981-12,130.3293,Dec 1981
JPN,1982-01,129.9337,Jan 1982
JPN,1982-02,130.3293,Feb 1982
JPN,1982-03,130.4282,Mar 1982
JPN,1982-04,130.6259,Apr 1982
JPN,1982-05,130.527,May 1982
JPN,1982-06,130.6259,Jun 1982
JPN,1982-07,130.7248,Jul 1982
JPN,1982-08,131.1203,Aug 1982
JPN,1982-09,131.6148,Sep 1982
JPN,1982-10,131.6148,Oct 1982
JPN,1982-11,131.6148,Nov 1982
JPN,1982-12,131.2192,Dec 1982
JPN,1983-01,130.6259,Jan 1983
JPN,1983-02,130.7248,Feb 1983
JPN,1983-03,130.9226,Mar 1983
JPN,1983-04,130.0326,Apr 1983
JPN,1983-05,130.7248,May 1983
JPN,1983-06,130.9226,Jun 1983
JPN,1983-07,131.0215,Jul 1983
JPN,1983-08,131.0215,Aug 1983
JPN,1983-09,131.1203,Sep 1983
JPN,1983-10,131.0215,Oct 1983
JPN,1983-11,131.0215,Nov 1983
JPN,1983-12,131.2192,Dec 1983
JPN,1984-01,131.1203,Jan 1984
JPN,1984-02,131.6148,Feb 1984
JPN,1984-03,131.1203,Mar 1984
JPN,1984-04,131.1203,Apr 1984
JPN,1984-05,131.3181,May 1984
JPN,1984-06,131.3181,Jun 1984
JPN,1984-07,131.6148,Jul 1984
JPN,1984-08,131.8125,Aug 1984
JPN,1984-09,131.8125,Sep 1984
JPN,1984-10,131.8125,Oct 1984
JPN,1984-11,131.8125,Nov 1984
JPN,1984-12,131.8125,Dec 1984
JPN,1985-01,132.2081,Jan 1985
JPN,1985-02,132.3069,Feb 1985
JPN,1985-03,131.9114,Mar 1985
JPN,1985-04,131.9114,Apr 1985
JPN,1985-05,131.8125,May 1985
JPN,1985-06,131.7137,Jun 1985
JPN,1985-07,131.6148,Jul 1985
JPN,1985-08,131.5159,Aug 1985
JPN,1985-09,131.3181,Sep 1985
JPN,1985-10,131.0215,Oct 1985
JPN,1985-11,130.6259,Nov 1985
JPN,1985-12,130.6259,Dec 1985
JPN,1986-01,130.1315,Jan 1986
JPN,1986-02,130.0326,Feb 1986
JPN,1986-03,129.9337,Mar 1986
JPN,1986-04,129.3404,Apr 1986
JPN,1986-05,129.3404,May 1986
JPN,1986-06,128.9449,Jun 1986
JPN,1986-07,128.5494,Jul 1986
JPN,1986-08,128.1538,Aug 1986
JPN,1986-09,128.0549,Sep 1986
JPN,1986-10,127.3627,Oct 1986
JPN,1986-11,127.3627,Nov 1986
JPN,1986-12,127.3627,Dec 1986
JPN,1987-01,126.8683,Jan 1987
JPN,1987-02,126.4728,Feb 1987
JPN,1987-03,126.4728,Mar 1987
JPN,1987-04,126.0773,Apr 1987
JPN,1987-05,125.7806,May 1987
JPN,1987-06,125.7806,Jun 1987
JPN,1987-07,125.6817,Jul 1987
JPN,1987-08,125.6817,Aug 1987
JPN,1987-09,125.5828,Sep 1987
JPN,1987-10,125.1873,Oct 1987
JPN,1987-11,125.0884,Nov 1987
JPN,1987-12,125.0884,Dec 1987
JPN,1988-01,124.6929,Jan 1988
JPN,1988-02,124.6929,Feb 1988
JPN,1988-03,124.6929,Mar 1988
JPN,1988-04,124.0007,Apr 1988
JPN,1988-05,123.9018,May 1988
JPN,1988-06,123.8029,Jun 1988
JPN,1988-07,124.0007,Jul 1988
JPN,1988-08,123.9018,Aug 1988
JPN,1988-09,124.0007,Sep 1988
JPN,1988-10,123.9018,Oct 1988
JPN,1988-11,123.5063,Nov 1988
JPN,1988-12,123.5063,Dec 1988
JPN,1989-01,123.3085,Jan 1989
JPN,1989-02,123.8029,Feb 1989
JPN,1989-03,123.9018,Mar 1989
JPN,1989-04,124.6929,Apr 1989
JPN,1989-05,124.7918,May 1989
JPN,1989-06,124.9895,Jun 1989
JPN,1989-07,124.8906,Jul 1989
JPN,1989-08,124.8906,Aug 1989
JPN,1989-09,124.9895,Sep 1989
JPN,1989-10,124.8906,Oct 1989
JPN,1989-11,124.8906,Nov 1989
JPN,1989-12,124.9895,Dec 1989
JPN,1990-01,125.2862,Jan 1990
JPN,1990-02,125.5828,Feb 1990
JPN,1990-03,125.6817,Mar 1990
JPN,1990-04,125.7806,Apr 1990
JPN,1990-05,125.5828,May 1990
JPN,1990-06,125.7806,Jun 1990
JPN,1990-07,125.7806,Jul 1990
JPN,1990-08,126.0773,Aug 1990
JPN,1990-09,126.0773,Sep 1990
JPN,1990-10,126.1761,Oct 1990
JPN,1990-11,126.275,Nov 1990
JPN,1990-12,126.1761,Dec 1990
JPN,1991-01,126.1761,Jan 1991
JPN,1991-02,126.1761,Feb 1991
JPN,1991-03,126.275,Mar 1991
JPN,1991-04,126.1761,Apr 1991
JPN,1991-05,126.275,May 1991
JPN,1991-06,126.275,Jun 1991
JPN,1991-07,126.275,Jul 1991
JPN,1991-08,126.275,Aug 1991
JPN,1991-09,126.275,Sep 1991
JPN,1991-10,126.275,Oct 1991
JPN,1991-11,126.4728,Nov 1991
JPN,1991-12,126.8683,Dec 1991
JPN,1992-01,126.6706,Jan 1992
JPN,1992-02,126.9672,Feb 1992
JPN,1992-03,126.9672,Mar 1992
JPN,1992-04,127.0661,Apr 1992
JPN,1992-05,127.0661,May 1992
JPN,1992-06,126.9672,Jun 1992
JPN,1992-07,126.9672,Jul 1992
JPN,1992-08,126.9672,Aug 1992
JPN,1992-09,126.9672,Sep 1992
JPN,1992-10,126.4728,Oct 1992
JPN,1992-11,126.275,Nov 1992
JPN,1992-12,126.275,Dec 1992
JPN,1993-01,126.0773,Jan 1993
JPN,1993-02,125.9784,Feb 1993
JPN,1993-03,125.7806,Mar 1993
JPN,1993-04,125.5828,Apr 1993
JPN,1993-05,125.2862,May 1993
JPN,1993-06,124.9895,Jun 1993
JPN,1993-07,124.8906,Jul 1993
JPN,1993-08,124.6929,Aug 1993
JPN,1993-09,124.7918,Sep 1993
JPN,1993-10,124.6929,Oct 1993
JPN,1993-11,124.594,Nov 1993
JPN,1993-12,124.6929,Dec 1993
JPN,1994-01,124.4951,Jan 1994
JPN,1994-02,124.1985,Feb 1994
JPN,1994-03,124.0996,Mar 1994
JPN,1994-04,123.9018,Apr 1994
JPN,1994-05,123.9018,May 1994
JPN,1994-06,123.8029,Jun 1994
JPN,1994-07,123.4074,Jul 1994
JPN,1994-08,123.4074,Aug 1994
JPN,1994-09,123.2096,Sep 1994
JPN,1994-10,122.6163,Oct 1994
JPN,1994-11,122.4185,Nov 1994
JPN,1994-12,122.4185,Dec 1994
JPN,1995-01,122.8141,Jan 1995
JPN,1995-02,122.6163,Feb 1995
JPN,1995-03,121.8252,Mar 1995
JPN,1995-04,121.133,Apr 1995
JPN,1995-05,121.0342,May 1995
JPN,1995-06,120.9353,Jun 1995
JPN,1995-07,120.9353,Jul 1995
JPN,1995-08,121.0342,Aug 1995
JPN,1995-09,121.2319,Sep 1995
JPN,1995-10,121.0342,Oct 1995
JPN,1995-11,121.133,Nov 1995
JPN,1995-12,121.0342,Dec 1995
JPN,1996-01,120.9353,Jan 1996
JPN,1996-02,120.7375,Feb 1996
JPN,1996-03,120.4409,Mar 1996
JPN,1996-04,120.2431,Apr 1996
JPN,1996-05,119.8476,May 1996
JPN,1996-06,119.8476,Jun 1996
JPN,1996-07,119.7487,Jul 1996
JPN,1996-08,119.452,Aug 1996
JPN,1996-09,119.452,Sep 1996
JPN,1996-10,119.452,Oct 1996
JPN,1996-11,119.452,Nov 1996
JPN,1996-12,119.7487,Dec 1996
JPN,1997-01,119.452,Jan 1997
JPN,1997-02,119.8476,Feb 1997
JPN,1997-03,119.6498,Mar 1997
JPN,1997-04,119.6498,Apr 1997
JPN,1997-05,119.0565,May 1997
JPN,1997-06,118.5621,Jun 1997
JPN,1997-07,118.5621,Jul 1997
JPN,1997-08,118.1665,Aug 1997
JPN,1997-09,118.3643,Sep 1997
JPN,1997-10,117.9688,Oct 1997
JPN,1997-11,118.1665,Nov 1997
JPN,1997-12,118.5621,Dec 1997
JPN,1998-01,117.9688,Jan 1998
JPN,1998-02,117.771,Feb 1998
JPN,1998-03,117.6721,Mar 1998
JPN,1998-04,117.5732,Apr 1998
JPN,1998-05,117.6721,May 1998
JPN,1998-06,117.9688,Jun 1998
JPN,1998-07,117.9688,Jul 1998
JPN,1998-08,118.1665,Aug 1998
JPN,1998-09,117.771,Sep 1998
JPN,1998-10,116.9799,Oct 1998
JPN,1998-11,116.6833,Nov 1998
JPN,1998-12,116.6833,Dec 1998
JPN,1999-01,116.1888,Jan 1999
JPN,1999-02,116.1888,Feb 1999
JPN,1999-03,116.1888,Mar 1999
JPN,1999-04,115.9911,Apr 1999
JPN,1999-05,115.9911,May 1999
JPN,1999-06,115.7933,Jun 1999
JPN,1999-07,115.6944,Jul 1999
JPN,1999-08,115.4967,Aug 1999
JPN,1999-09,115.2,Sep 1999
JPN,1999-10,114.8045,Oct 1999
JPN,1999-11,114.7056,Nov 1999
JPN,1999-12,114.4089,Dec 1999
JPN,2000-01,115.2,Jan 2000
JPN,2000-02,115.4,Feb 2000
JPN,2000-03,115,Mar 2000
JPN,2000-04,114.4,Apr 2000
JPN,2000-05,114.1,May 2000
JPN,2000-06,113.9,Jun 2000
JPN,2000-07,113.6,Jul 2000
JPN,2000-08,113.3,Aug 2000
JPN,2000-09,112.7,Sep 2000
JPN,2000-10,112.4,Oct 2000
JPN,2000-11,112.3,Nov 2000
JPN,2000-12,112.2,Dec 2000
JPN,2001-01,112.1,Jan 2001
JPN,2001-02,111.9,Feb 2001
JPN,2001-03,112.1,Mar 2001
JPN,2001-04,111.9,Apr 2001
JPN,2001-05,111.3,May 2001
JPN,2001-06,111,Jun 2001
JPN,2001-07,110.9,Jul 2001
JPN,2001-08,110.6,Aug 2001
JPN,2001-09,110.3,Sep 2001
JPN,2001-10,110,Oct 2001
JPN,2001-11,109.8,Nov 2001
JPN,2001-12,109.9,Dec 2001
JPN,2002-01,109.8,Jan 2002
JPN,2002-02,109.8,Feb 2002
JPN,2002-03,109.4,Mar 2002
JPN,2002-04,109.2,Apr 2002
JPN,2002-05,108.7,May 2002
JPN,2002-06,108.2,Jun 2002
JPN,2002-07,107.6,Jul 2002
JPN,2002-08,107.5,Aug 2002
JPN,2002-09,107.5,Sep 2002
JPN,2002-10,107.3,Oct 2002
JPN,2002-11,107.2,Nov 2002
JPN,2002-12,107,Dec 2002
JPN,2003-01,106.5,Jan 2003
JPN,2003-02,106.5,Feb 2003
JPN,2003-03,106.3,Mar 2003
JPN,2003-04,106.1,Apr 2003
JPN,2003-05,105.7,May 2003
JPN,2003-06,105.6,Jun 2003
JPN,2003-07,105.7,Jul 2003
JPN,2003-08,105.6,Aug 2003
JPN,2003-09,105.4,Sep 2003
JPN,2003-10,105,Oct 2003
JPN,2003-11,104.9,Nov 2003
JPN,2003-12,105,Dec 2003
JPN,2004-01,105,Jan 2004
JPN,2004-02,104.8,Feb 2004
JPN,2004-03,104.7,Mar 2004
JPN,2004-04,104.4,Apr 2004
JPN,2004-05,104.6,May 2004
JPN,2004-06,104.6,Jun 2004
JPN,2004-07,104.4,Jul 2004
JPN,2004-08,104.2,Aug 2004
JPN,2004-09,104.4,Sep 2004
JPN,2004-10,104.1,Oct 2004
JPN,2004-11,103.7,Nov 2004
JPN,2004-12,103.5,Dec 2004
JPN,2005-01,103.5,Jan 2005
JPN,2005-02,103.6,Feb 2005
JPN,2005-03,103.7,Mar 2005
JPN,2005-04,104,Apr 2005
JPN,2005-05,103.6,May 2005
JPN,2005-06,103.4,Jun 2005
JPN,2005-07,103.7,Jul 2005
JPN,2005-08,103.5,Aug 2005
JPN,2005-09,103.7,Sep 2005
JPN,2005-10,103.8,Oct 2005
JPN,2005-11,103.9,Nov 2005
JPN,2005-12,104,Dec 2005
JPN,2006-01,103.6,Jan 2006
JPN,2006-02,103.9,Feb 2006
JPN,2006-03,103.7,Mar 2006
JPN,2006-04,103.5,Apr 2006
JPN,2006-05,102.9,May 2006
JPN,2006-06,103,Jun 2006
JPN,2006-07,103.2,Jul 2006
JPN,2006-08,103.4,Aug 2006
JPN,2006-09,103.6,Sep 2006
JPN,2006-10,103.4,Oct 2006
JPN,2006-11,103.2,Nov 2006
JPN,2006-12,103.3,Dec 2006
JPN,2007-01,103.2,Jan 2007
JPN,2007-02,103,Feb 2007
JPN,2007-03,102.8,Mar 2007
JPN,2007-04,103,Apr 2007
JPN,2007-05,103.4,May 2007
JPN,2007-06,103.6,Jun 2007
JPN,2007-07,103.7,Jul 2007
JPN,2007-08,103.3,Aug 2007
JPN,2007-09,103.2,Sep 2007
JPN,2007-10,103.5,Oct 2007
JPN,2007-11,103.4,Nov 2007
JPN,2007-12,103.8,Dec 2007
JPN,2008-01,103.4,Jan 2008
JPN,2008-02,103.6,Feb 2008
JPN,2008-03,103.4,Mar 2008
JPN,2008-04,102.9,Apr 2008
JPN,2008-05,103.9,May 2008
JPN,2008-06,104.6,Jun 2008
JPN,2008-07,105.2,Jul 2008
JPN,2008-08,105.4,Aug 2008
JPN,2008-09,104.9,Sep 2008
JPN,2008-10,103.5,Oct 2008
JPN,2008-11,102.1,Nov 2008
JPN,2008-12,100.8,Dec 2008
JPN,2009-01,100.2,Jan 2009
JPN,2009-02,100.2,Feb 2009
JPN,2009-03,100.5,Mar 2009
JPN,2009-04,100.5,Apr 2009
JPN,2009-05,100.4,May 2009
JPN,2009-06,100.4,Jun 2009
JPN,2009-07,100.1,Jul 2009
JPN,2009-08,100,Aug 2009
JPN,2009-09,99.9,Sep 2009
JPN,2009-10,99.7,Oct 2009
JPN,2009-11,99.6,Nov 2009
JPN,2009-12,99.7,Dec 2009
JPN,2010-01,100.3,Jan 2010
JPN,2010-02,100,Feb 2010
JPN,2010-03,99.9,Mar 2010
JPN,2010-04,99.6,Apr 2010
JPN,2010-05,99.2,May 2010
JPN,2010-06,98.9,Jun 2010
JPN,2010-07,98.3,Jul 2010
JPN,2010-08,97.9,Aug 2010
JPN,2010-09,97.7,Sep 2010
JPN,2010-10,98.2,Oct 2010
JPN,2010-11,98.2,Nov 2010
JPN,2010-12,98.5,Dec 2010
JPN,2011-01,98.4,Jan 2011
JPN,2011-02,98.3,Feb 2011
JPN,2011-03,98.7,Mar 2011
JPN,2011-04,99.1,Apr 2011
JPN,2011-05,98.4,May 2011
JPN,2011-06,98.2,Jun 2011
JPN,2011-07,98.1,Jul 2011
JPN,2011-08,97.8,Aug 2011
JPN,2011-09,97.5,Sep 2011
JPN,2011-10,97.2,Oct 2011
JPN,2011-11,97.2,Nov 2011
JPN,2011-12,97.1,Dec 2011
JPN,2012-01,97,Jan 2012
JPN,2012-02,97.3,Feb 2012
JPN,2012-03,98.5,Mar 2012
JPN,2012-04,98,Apr 2012
JPN,2012-05,97.3,May 2012
JPN,2012-06,96.6,Jun 2012
JPN,2012-07,96,Jul 2012
JPN,2012-08,96.1,Aug 2012
JPN,2012-09,96.5,Sep 2012
JPN,2012-10,96.8,Oct 2012
JPN,2012-11,96.8,Nov 2012
JPN,2012-12,97.5,Dec 2012
JPN,2013-01,97.9,Jan 2013
JPN,2013-02,98.5,Feb 2013
JPN,2013-03,98.8,Mar 2013
JPN,2013-04,99,Apr 2013
JPN,2013-05,99,May 2013
JPN,2013-06,98.6,Jun 2013
JPN,2013-07,98.9,Jul 2013
JPN,2013-08,99,Aug 2013
JPN,2013-09,99.3,Sep 2013
JPN,2013-10,99.2,Oct 2013
JPN,2013-11,99.4,Nov 2013
JPN,2013-12,100,Dec 2013
JPN,2014-01,99.9,Jan 2014
JPN,2014-02,99.6,Feb 2014
JPN,2014-03,99.7,Mar 2014
JPN,2014-04,99.5,Apr 2014
JPN,2014-05,99.3,May 2014
JPN,2014-06,99.4,Jun 2014
JPN,2014-07,99.4,Jul 2014
JPN,2014-08,99.5,Aug 2014
JPN,2014-09,100,Sep 2014
JPN,2014-10,99.8,Oct 2014
JPN,2014-11,100.5,Nov 2014
JPN,2014-12,100.4,Dec 2014
JPN,2015-01,99.5,Jan 2015
JPN,2015-02,99.6,Feb 2015
JPN,2015-03,99.8,Mar 2015
JPN,2015-04,100.1,Apr 2015
JPN,2015-05,100.4,May 2015
JPN,2015-06,100.8,Jun 2015
JPN,2015-07,100.5,Jul 2015
JPN,2015-08,100.2,Aug 2015
JPN,2015-09,99.8,Sep 2015
JPN,2015-10,99.7,Oct 2015
JPN,2015-11,100,Nov 2015
JPN,2015-12,99.5,Dec 2015
JPN,2016-01,98.3,Jan 2016
JPN,2016-02,97.9,Feb 2016
JPN,2016-03,97.6,Mar 2016
JPN,2016-04,97.1,Apr 2016
JPN,2016-05,96.9,May 2016
JPN,2016-06,96.7,Jun 2016
JPN,2016-07,96.2,Jul 2016
JPN,2016-08,95.7,Aug 2016
JPN,2016-09,95.8,Sep 2016
JPN,2016-10,96,Oct 2016
JPN,2016-11,96.5,Nov 2016
JPN,2016-12,97.5,Dec 2016
JPN,2017-01,97.3,Jan 2017
JPN,2017-02,97.1,Feb 2017
JPN,2017-03,97.2,Mar 2017
JPN,2017-04,97.1,Apr 2017
JPN,2017-05,97,May 2017
JPN,2017-06,96.9,Jun 2017
JPN,2017-07,97.2,Jul 2017
JPN,2017-08,96.9,Aug 2017
JPN,2017-09,97.1,Sep 2017
JPN,2017-10,97.6,Oct 2017
JPN,2017-11,98,Nov 2017
JPN,2017-12,98.2,Dec 2017
JPN,2018-01,97.6,Jan 2018
JPN,2018-02,97.2,Feb 2018
JPN,2018-03,96.9,Mar 2018
JPN,2018-04,96.9,Apr 2018
JPN,2018-05,97.4,May 2018
JPN,2018-06,97.5,Jun 2018
JPN,2018-07,97.6,Jul 2018
JPN,2018-08,97.5,Aug 2018
JPN,2018-09,97.6,Sep 2018
JPN,2018-10,98.2,Oct 2018
JPN,2018-11,97.9,Nov 2018
JPN,2018-12,97.1,Dec 2018
JPN,2019-01,96.2,Jan 2019
JPN,2019-02,96.7,Feb 2019
JPN,2019-03,96.8,Mar 2019
JPN,2019-04,97.2,Apr 2019
JPN,2019-05,97,May 2019
JPN,2019-06,96.4,Jun 2019
JPN,2019-07,96.2,Jul 2019
JPN,2019-08,95.9,Aug 2019
JPN,2019-09,96,Sep 2019
JPN,2019-10,95.9,Oct 2019
JPN,2019-11,95.9,Nov 2019
JPN,2019-12,96.1,Dec 2019
JPN,2020-01,96.1,Jan 2020
JPN,2020-02,95.9,Feb 2020
JPN,2020-03,95,Mar 2020
JPN,2020-04,94.2,Apr 2020
JPN,2020-05,93.7,May 2020
JPN,2020-06,94.2,Jun 2020
JPN,2020-07,94.4,Jul 2020
JPN,2020-08,94.5,Aug 2020
JPN,2020-09,94.5,Sep 2020
JPN,2020-10,94.6,Oct 2020
JPN,2020-11,94.4,Nov 2020
JPN,2020-12,94.8,Dec 2020
JPN,2021-01,94.7,Jan 2021
JPN,2021-02,95.2,Feb 2021
JPN,2021-03,96,Mar 2021
JPN,2021-04,96,Apr 2021
JPN,2021-05,96.3,May 2021
JPN,2021-06,96.7,Jun 2021
JPN,2021-07,97.1,Jul 2021
JPN,2021-08,97.1,Aug 2021
JPN,2021-09,97.2,Sep 2021
JPN,2021-10,98.3,Oct 2021
JPN,2021-11,98.8,Nov 2021
JPN,2021-12,98.6,Dec 2021
JPN,2022-01,98.7,Jan 2022
JPN,2022-02,99.1,Feb 2022
JPN,2022-03,99.9,Mar 2022
JPN,2022-04,100.7,Apr 2022
KOR,1980-01,32.87,Jan 1980
KOR,1980-02,34.86,Feb 1980
KOR,1980-03,36.19,Mar 1980
KOR,1980-04,36.86,Apr 1980
KOR,1980-05,37.94,May 1980
KOR,1980-06,37.94,Jun 1980
KOR,1980-07,38.52,Jul 1980
KOR,1980-08,39.85,Aug 1980
KOR,1980-09,40.6,Sep 1980
KOR,1980-10,41.27,Oct 1980
KOR,1980-11,41.52,Nov 1980
KOR,1980-12,42.77,Dec 1980
KOR,1981-01,43.18,Jan 1981
KOR,1981-02,43.6,Feb 1981
KOR,1981-03,44.01,Mar 1981
KOR,1981-04,45.18,Apr 1981
KOR,1981-05,46.34,May 1981
KOR,1981-06,46.84,Jun 1981
KOR,1981-07,47.09,Jul 1981
KOR,1981-08,47.42,Aug 1981
KOR,1981-09,47.93,Sep 1981
KOR,1981-10,47.93,Oct 1981
KOR,1981-11,46.92,Nov 1981
KOR,1981-12,46.92,Dec 1981
KOR,1982-01,47.26,Jan 1982
KOR,1982-02,47.76,Feb 1982
KOR,1982-03,47.76,Mar 1982
KOR,1982-04,47.93,Apr 1982
KOR,1982-05,48.18,May 1982
KOR,1982-06,48.09,Jun 1982
KOR,1982-07,48.5,Jul 1982
KOR,1982-08,48.42,Aug 1982
KOR,1982-09,48.84,Sep 1982
KOR,1982-10,48.76,Oct 1982
KOR,1982-11,48.84,Nov 1982
KOR,1982-12,49.34,Dec 1982
KOR,1983-01,49.75,Jan 1983
KOR,1983-02,49.75,Feb 1983
KOR,1983-03,49.5,Mar 1983
KOR,1983-04,49.67,Apr 1983
KOR,1983-05,49.59,May 1983
KOR,1983-06,49.26,Jun 1983
KOR,1983-07,49.01,Jul 1983
KOR,1983-08,49.17,Aug 1983
KOR,1983-09,49.42,Sep 1983
KOR,1983-10,49.08,Oct 1983
KOR,1983-11,48.92,Nov 1983
KOR,1983-12,49.01,Dec 1983
KOR,1984-01,49.08,Jan 1984
KOR,1984-02,49.34,Feb 1984
KOR,1984-03,49.34,Mar 1984
KOR,1984-04,49.67,Apr 1984
KOR,1984-05,49.34,May 1984
KOR,1984-06,48.92,Jun 1984
KOR,1984-07,49.17,Jul 1984
KOR,1984-08,50,Aug 1984
KOR,1984-09,51.17,Sep 1984
KOR,1984-10,50.5,Oct 1984
KOR,1984-11,50.17,Nov 1984
KOR,1984-12,50.5,Dec 1984
KOR,1985-01,50.92,Jan 1985
KOR,1985-02,50.92,Feb 1985
KOR,1985-03,50.5,Mar 1985
KOR,1985-04,51.01,Apr 1985
KOR,1985-05,50.92,May 1985
KOR,1985-06,50.83,Jun 1985
KOR,1985-07,50.92,Jul 1985
KOR,1985-08,51.08,Aug 1985
KOR,1985-09,51.25,Sep 1985
KOR,1985-10,51.43,Oct 1985
KOR,1985-11,50.92,Nov 1985
KOR,1985-12,51.34,Dec 1985
KOR,1986-01,51.66,Jan 1986
KOR,1986-02,51.34,Feb 1986
KOR,1986-03,51.17,Mar 1986
KOR,1986-04,51.34,Apr 1986
KOR,1986-05,51.5,May 1986
KOR,1986-06,51.17,Jun 1986
KOR,1986-07,51.17,Jul 1986
KOR,1986-08,51.5,Aug 1986
KOR,1986-09,51.58,Sep 1986
KOR,1986-10,50.75,Oct 1986
KOR,1986-11,50.5,Nov 1986
KOR,1986-12,50.5,Dec 1986
KOR,1987-01,50.58,Jan 1987
KOR,1987-02,50.67,Feb 1987
KOR,1987-03,50.83,Mar 1987
KOR,1987-04,51.58,Apr 1987
KOR,1987-05,51.83,May 1987
KOR,1987-06,51.17,Jun 1987
KOR,1987-07,51.17,Jul 1987
KOR,1987-08,51.58,Aug 1987
KOR,1987-09,51.91,Sep 1987
KOR,1987-10,51.75,Oct 1987
KOR,1987-11,51.58,Nov 1987
KOR,1987-12,52.58,Dec 1987
KOR,1988-01,52.99,Jan 1988
KOR,1988-02,53.59,Feb 1988
KOR,1988-03,53.66,Mar 1988
KOR,1988-04,53.66,Apr 1988
KOR,1988-05,53.92,May 1988
KOR,1988-06,54.07,Jun 1988
KOR,1988-07,54.49,Jul 1988
KOR,1988-08,54.91,Aug 1988
KOR,1988-09,54.58,Sep 1988
KOR,1988-10,53.92,Oct 1988
KOR,1988-11,54.49,Nov 1988
KOR,1988-12,54.91,Dec 1988
KOR,1989-01,54.58,Jan 1989
KOR,1989-02,54.83,Feb 1989
KOR,1989-03,54.83,Mar 1989
KOR,1989-04,55.09,Apr 1989
KOR,1989-05,55.57,May 1989
KOR,1989-06,55.66,Jun 1989
KOR,1989-07,55.24,Jul 1989
KOR,1989-08,55.83,Aug 1989
KOR,1989-09,56.33,Sep 1989
KOR,1989-10,56.58,Oct 1989
KOR,1989-11,56.17,Nov 1989
KOR,1989-12,56.24,Dec 1989
KOR,1990-01,57.49,Jan 1990
KOR,1990-02,57.49,Feb 1990
KOR,1990-03,57.91,Mar 1990
KOR,1990-04,58.33,Apr 1990
KOR,1990-05,58.82,May 1990
KOR,1990-06,59.16,Jun 1990
KOR,1990-07,58.82,Jul 1990
KOR,1990-08,59.41,Aug 1990
KOR,1990-09,60.24,Sep 1990
KOR,1990-10,60.57,Oct 1990
KOR,1990-11,60.24,Nov 1990
KOR,1990-12,60.99,Dec 1990
KOR,1991-01,61.48,Jan 1991
KOR,1991-02,61.81,Feb 1991
KOR,1991-03,62.07,Mar 1991
KOR,1991-04,62.15,Apr 1991
KOR,1991-05,61.99,May 1991
KOR,1991-06,61.99,Jun 1991
KOR,1991-07,61.74,Jul 1991
KOR,1991-08,62.41,Aug 1991
KOR,1991-09,62.56,Sep 1991
KOR,1991-10,62.73,Oct 1991
KOR,1991-11,62.65,Nov 1991
KOR,1991-12,63.15,Dec 1991
KOR,1992-01,63.49,Jan 1992
KOR,1992-02,63.4,Feb 1992
KOR,1992-03,63.65,Mar 1992
KOR,1992-04,63.97,Apr 1992
KOR,1992-05,64.23,May 1992
KOR,1992-06,64.57,Jun 1992
KOR,1992-07,64.89,Jul 1992
KOR,1992-08,64.89,Aug 1992
KOR,1992-09,64.73,Sep 1992
KOR,1992-10,64.57,Oct 1992
KOR,1992-11,64.39,Nov 1992
KOR,1992-12,64.57,Dec 1992
KOR,1993-01,64.89,Jan 1993
KOR,1993-02,64.73,Feb 1993
KOR,1993-03,65.23,Mar 1993
KOR,1993-04,65.31,Apr 1993
KOR,1993-05,65.47,May 1993
KOR,1993-06,65.73,Jun 1993
KOR,1993-07,65.56,Jul 1993
KOR,1993-08,65.98,Aug 1993
KOR,1993-09,66.31,Sep 1993
KOR,1993-10,66.31,Oct 1993
KOR,1993-11,66.31,Nov 1993
KOR,1993-12,66.97,Dec 1993
KOR,1994-01,68.23,Jan 1994
KOR,1994-02,68.55,Feb 1994
KOR,1994-03,68.4,Mar 1994
KOR,1994-04,68.31,Apr 1994
KOR,1994-05,68.14,May 1994
KOR,1994-06,68.31,Jun 1994
KOR,1994-07,68.55,Jul 1994
KOR,1994-08,69.39,Aug 1994
KOR,1994-09,68.89,Sep 1994
KOR,1994-10,68.64,Oct 1994
KOR,1994-11,68.48,Nov 1994
KOR,1994-12,68.72,Dec 1994
KOR,1995-01,69.37,Jan 1995
KOR,1995-02,69.46,Feb 1995
KOR,1995-03,70.31,Mar 1995
KOR,1995-04,70.65,Apr 1995
KOR,1995-05,70.65,May 1995
KOR,1995-06,70.31,Jun 1995
KOR,1995-07,70.05,Jul 1995
KOR,1995-08,69.79,Aug 1995
KOR,1995-09,70.31,Sep 1995
KOR,1995-10,69.63,Oct 1995
KOR,1995-11,69.03,Nov 1995
KOR,1995-12,69.63,Dec 1995
KOR,1996-01,70.48,Jan 1996
KOR,1996-02,70.82,Feb 1996
KOR,1996-03,70.73,Mar 1996
KOR,1996-04,70.99,Apr 1996
KOR,1996-05,70.99,May 1996
KOR,1996-06,71.16,Jun 1996
KOR,1996-07,72.1,Jul 1996
KOR,1996-08,72.27,Aug 1996
KOR,1996-09,72.44,Sep 1996
KOR,1996-10,72.18,Oct 1996
KOR,1996-11,72.1,Nov 1996
KOR,1996-12,72.6,Dec 1996
KOR,1997-01,73.12,Jan 1997
KOR,1997-02,73.54,Feb 1997
KOR,1997-03,73.38,Mar 1997
KOR,1997-04,73.54,Apr 1997
KOR,1997-05,73.45,May 1997
KOR,1997-06,73.63,Jun 1997
KOR,1997-07,73.54,Jul 1997
KOR,1997-08,73.63,Aug 1997
KOR,1997-09,73.8,Sep 1997
KOR,1997-10,73.45,Oct 1997
KOR,1997-11,74.14,Nov 1997
KOR,1997-12,79.25,Dec 1997
KOR,1998-01,83.58,Jan 1998
KOR,1998-02,85.8,Feb 1998
KOR,1998-03,85.63,Mar 1998
KOR,1998-04,85.04,Apr 1998
KOR,1998-05,84.44,May 1998
KOR,1998-06,84.36,Jun 1998
KOR,1998-07,84.01,Jul 1998
KOR,1998-08,83.84,Aug 1998
KOR,1998-09,84.87,Sep 1998
KOR,1998-10,85.21,Oct 1998
KOR,1998-11,84.95,Nov 1998
KOR,1998-12,84.27,Dec 1998
KOR,1999-01,83.93,Jan 1999
KOR,1999-02,84.27,Feb 1999
KOR,1999-03,84.19,Mar 1999
KOR,1999-04,84.36,Apr 1999
KOR,1999-05,84.27,May 1999
KOR,1999-06,82.99,Jun 1999
KOR,1999-07,82.99,Jul 1999
KOR,1999-08,83.84,Aug 1999
KOR,1999-09,84.19,Sep 1999
KOR,1999-10,84.52,Oct 1999
KOR,1999-11,84.27,Nov 1999
KOR,1999-12,83.5,Dec 1999
KOR,2000-01,84.27,Jan 2000
KOR,2000-02,83.76,Feb 2000
KOR,2000-03,83.58,Mar 2000
KOR,2000-04,82.91,Apr 2000
KOR,2000-05,82.91,May 2000
KOR,2000-06,82.99,Jun 2000
KOR,2000-07,82.82,Jul 2000
KOR,2000-08,82.65,Aug 2000
KOR,2000-09,83.25,Sep 2000
KOR,2000-10,82.99,Oct 2000
KOR,2000-11,82.99,Nov 2000
KOR,2000-12,83.25,Dec 2000
KOR,2001-01,84.27,Jan 2001
KOR,2001-02,83.93,Feb 2001
KOR,2001-03,84.61,Mar 2001
KOR,2001-04,84.44,Apr 2001
KOR,2001-05,84.27,May 2001
KOR,2001-06,84.1,Jun 2001
KOR,2001-07,84.19,Jul 2001
KOR,2001-08,83.84,Aug 2001
KOR,2001-09,83.34,Sep 2001
KOR,2001-10,82.57,Oct 2001
KOR,2001-11,82.06,Nov 2001
KOR,2001-12,81.38,Dec 2001
KOR,2002-01,81.46,Jan 2002
KOR,2002-02,81.97,Feb 2002
KOR,2002-03,82.4,Mar 2002
KOR,2002-04,82.31,Apr 2002
KOR,2002-05,82.57,May 2002
KOR,2002-06,81.71,Jun 2002
KOR,2002-07,81.38,Jul 2002
KOR,2002-08,81.71,Aug 2002
KOR,2002-09,82.23,Sep 2002
KOR,2002-10,81.88,Oct 2002
KOR,2002-11,82.14,Nov 2002
KOR,2002-12,82.14,Dec 2002
KOR,2003-01,82.49,Jan 2003
KOR,2003-02,82.57,Feb 2003
KOR,2003-03,83.5,Mar 2003
KOR,2003-04,82.4,Apr 2003
KOR,2003-05,82.49,May 2003
KOR,2003-06,81.71,Jun 2003
KOR,2003-07,81.55,Jul 2003
KOR,2003-08,81.88,Aug 2003
KOR,2003-09,82.31,Sep 2003
KOR,2003-10,82.99,Oct 2003
KOR,2003-11,83.08,Nov 2003
KOR,2003-12,83.5,Dec 2003
KOR,2004-01,84.36,Jan 2004
KOR,2004-02,84.69,Feb 2004
KOR,2004-03,85.21,Mar 2004
KOR,2004-04,85.04,Apr 2004
KOR,2004-05,85.12,May 2004
KOR,2004-06,84.69,Jun 2004
KOR,2004-07,85.12,Jul 2004
KOR,2004-08,85.89,Aug 2004
KOR,2004-09,85.72,Sep 2004
KOR,2004-10,84.78,Oct 2004
KOR,2004-11,84.1,Nov 2004
KOR,2004-12,83.42,Dec 2004
KOR,2005-01,85.54,Jan 2005
KOR,2005-02,85.72,Feb 2005
KOR,2005-03,85.63,Mar 2005
KOR,2005-04,85.72,Apr 2005
KOR,2005-05,84.87,May 2005
KOR,2005-06,84.27,Jun 2005
KOR,2005-07,85.04,Jul 2005
KOR,2005-08,85.21,Aug 2005
KOR,2005-09,85.63,Sep 2005
KOR,2005-10,85.12,Oct 2005
KOR,2005-11,84.36,Nov 2005
KOR,2005-12,84.27,Dec 2005
KOR,2006-01,84.87,Jan 2006
KOR,2006-02,84.95,Feb 2006
KOR,2006-03,84.78,Mar 2006
KOR,2006-04,84.36,Apr 2006
KOR,2006-05,84.36,May 2006
KOR,2006-06,83.84,Jun 2006
KOR,2006-07,84.1,Jul 2006
KOR,2006-08,84.87,Aug 2006
KOR,2006-09,84.78,Sep 2006
KOR,2006-10,83.5,Oct 2006
KOR,2006-11,83.08,Nov 2006
KOR,2006-12,83.16,Dec 2006
KOR,2007-01,83.34,Jan 2007
KOR,2007-02,83.84,Feb 2007
KOR,2007-03,83.93,Mar 2007
KOR,2007-04,83.76,Apr 2007
KOR,2007-05,83.67,May 2007
KOR,2007-06,83.58,Jun 2007
KOR,2007-07,83.58,Jul 2007
KOR,2007-08,83.76,Aug 2007
KOR,2007-09,84.87,Sep 2007
KOR,2007-10,84.36,Oct 2007
KOR,2007-11,84.95,Nov 2007
KOR,2007-12,85.46,Dec 2007
KOR,2008-01,85.89,Jan 2008
KOR,2008-02,86.48,Feb 2008
KOR,2008-03,87.33,Mar 2008
KOR,2008-04,88.1,Apr 2008
KOR,2008-05,89.46,May 2008
KOR,2008-06,89.72,Jun 2008
KOR,2008-07,90.31,Jul 2008
KOR,2008-08,90.14,Aug 2008
KOR,2008-09,90.91,Sep 2008
KOR,2008-10,93.04,Oct 2008
KOR,2008-11,93.21,Nov 2008
KOR,2008-12,93.12,Dec 2008
KOR,2009-01,93.71,Jan 2009
KOR,2009-02,95,Feb 2009
KOR,2009-03,95.34,Mar 2009
KOR,2009-04,94.4,Apr 2009
KOR,2009-05,93.38,May 2009
KOR,2009-06,92.86,Jun 2009
KOR,2009-07,94.14,Jul 2009
KOR,2009-08,93.97,Aug 2009
KOR,2009-09,93.38,Sep 2009
KOR,2009-10,92.1,Oct 2009
KOR,2009-11,92.86,Nov 2009
KOR,2009-12,93.29,Dec 2009
KOR,2010-01,94.17,Jan 2010
KOR,2010-02,94.79,Feb 2010
KOR,2010-03,94.95,Mar 2010
KOR,2010-04,95.08,Apr 2010
KOR,2010-05,95.46,May 2010
KOR,2010-06,95.59,Jun 2010
KOR,2010-07,95.64,Jul 2010
KOR,2010-08,95.78,Aug 2010
KOR,2010-09,96.58,Sep 2010
KOR,2010-10,95.93,Oct 2010
KOR,2010-11,96.02,Nov 2010
KOR,2010-12,96.82,Dec 2010
KOR,2011-01,97.59,Jan 2011
KOR,2011-02,97.82,Feb 2011
KOR,2011-03,98.42,Mar 2011
KOR,2011-04,97.96,Apr 2011
KOR,2011-05,97.86,May 2011
KOR,2011-06,97.91,Jun 2011
KOR,2011-07,98.26,Jul 2011
KOR,2011-08,98.92,Aug 2011
KOR,2011-09,99.17,Sep 2011
KOR,2011-10,99.58,Oct 2011
KOR,2011-11,99.31,Nov 2011
KOR,2011-12,99.89,Dec 2011
KOR,2012-01,99.75,Jan 2012
KOR,2012-02,100.15,Feb 2012
KOR,2012-03,100.54,Mar 2012
KOR,2012-04,100.69,Apr 2012
KOR,2012-05,100.78,May 2012
KOR,2012-06,100.25,Jun 2012
KOR,2012-07,99.83,Jul 2012
KOR,2012-08,100.29,Aug 2012
KOR,2012-09,100.45,Sep 2012
KOR,2012-10,99.76,Oct 2012
KOR,2012-11,99.1,Nov 2012
KOR,2012-12,99.12,Dec 2012
KOR,2013-01,99.18,Jan 2013
KOR,2013-02,99.8,Feb 2013
KOR,2013-03,99.68,Mar 2013
KOR,2013-04,99.74,Apr 2013
KOR,2013-05,99.24,May 2013
KOR,2013-06,99.49,Jun 2013
KOR,2013-07,99.56,Jul 2013
KOR,2013-08,99.86,Aug 2013
KOR,2013-09,99.44,Sep 2013
KOR,2013-10,98.82,Oct 2013
KOR,2013-11,98.96,Nov 2013
KOR,2013-12,99.11,Dec 2013
KOR,2014-01,99.9,Jan 2014
KOR,2014-02,100.19,Feb 2014
KOR,2014-03,100.39,Mar 2014
KOR,2014-04,100.14,Apr 2014
KOR,2014-05,99.83,May 2014
KOR,2014-06,99.88,Jun 2014
KOR,2014-07,100.09,Jul 2014
KOR,2014-08,100.2,Aug 2014
KOR,2014-09,100.02,Sep 2014
KOR,2014-10,99.96,Oct 2014
KOR,2014-11,100.4,Nov 2014
KOR,2014-12,100.28,Dec 2014
KOR,2015-01,99.52,Jan 2015
KOR,2015-02,99.96,Feb 2015
KOR,2015-03,99.9,Mar 2015
KOR,2015-04,99.66,Apr 2015
KOR,2015-05,99.83,May 2015
KOR,2015-06,99.91,Jun 2015
KOR,2015-07,100.28,Jul 2015
KOR,2015-08,100.65,Aug 2015
KOR,2015-09,100.51,Sep 2015
KOR,2015-10,99.72,Oct 2015
KOR,2015-11,99.85,Nov 2015
KOR,2015-12,100.22,Dec 2015
KOR,2016-01,100.59,Jan 2016
KOR,2016-02,101.16,Feb 2016
KOR,2016-03,100.63,Mar 2016
KOR,2016-04,100.35,Apr 2016
KOR,2016-05,100.48,May 2016
KOR,2016-06,100.45,Jun 2016
KOR,2016-07,99.96,Jul 2016
KOR,2016-08,100.08,Aug 2016
KOR,2016-09,100.51,Sep 2016
KOR,2016-10,100.71,Oct 2016
KOR,2016-11,101.07,Nov 2016
KOR,2016-12,101.28,Dec 2016
KOR,2017-01,101.6,Jan 2017
KOR,2017-02,101.21,Feb 2017
KOR,2017-03,101.27,Mar 2017
KOR,2017-04,101.36,Apr 2017
KOR,2017-05,101.26,May 2017
KOR,2017-06,101.25,Jun 2017
KOR,2017-07,101.42,Jul 2017
KOR,2017-08,101.84,Aug 2017
KOR,2017-09,102.02,Sep 2017
KOR,2017-10,101.47,Oct 2017
KOR,2017-11,101.06,Nov 2017
KOR,2017-12,101.01,Dec 2017
KOR,2018-01,101.12,Jan 2018
KOR,2018-02,101.8,Feb 2018
KOR,2018-03,101.79,Mar 2018
KOR,2018-04,101.83,Apr 2018
KOR,2018-05,102,May 2018
KOR,2018-06,101.92,Jun 2018
KOR,2018-07,102.29,Jul 2018
KOR,2018-08,102.85,Aug 2018
KOR,2018-09,103.13,Sep 2018
KOR,2018-10,102.75,Oct 2018
KOR,2018-11,102.38,Nov 2018
KOR,2018-12,102.24,Dec 2018
KOR,2019-01,102.4,Jan 2019
KOR,2019-02,102.31,Feb 2019
KOR,2019-03,102.7,Mar 2019
KOR,2019-04,103.02,Apr 2019
KOR,2019-05,103.48,May 2019
KOR,2019-06,103.2,Jun 2019
KOR,2019-07,103.11,Jul 2019
KOR,2019-08,103.83,Aug 2019
KOR,2019-09,103.87,Sep 2019
KOR,2019-10,103.51,Oct 2019
KOR,2019-11,103.29,Nov 2019
KOR,2019-12,103.81,Dec 2019
KOR,2020-01,104.15,Jan 2020
KOR,2020-02,104.21,Feb 2020
KOR,2020-03,104.02,Mar 2020
KOR,2020-04,103.45,Apr 2020
KOR,2020-05,103.61,May 2020
KOR,2020-06,103.89,Jun 2020
KOR,2020-07,103.71,Jul 2020
KOR,2020-08,104.09,Aug 2020
KOR,2020-09,104.24,Sep 2020
KOR,2020-10,103.3,Oct 2020
KOR,2020-11,102.96,Nov 2020
KOR,2020-12,103.19,Dec 2020
KOR,2021-01,104.15,Jan 2021
KOR,2021-02,104.71,Feb 2021
KOR,2021-03,105.37,Mar 2021
KOR,2021-04,105.18,Apr 2021
KOR,2021-05,105.47,May 2021
KOR,2021-06,105.74,Jun 2021
KOR,2021-07,106.45,Jul 2021
KOR,2021-08,106.88,Aug 2021
KOR,2021-09,107.05,Sep 2021
KOR,2021-10,107.72,Oct 2021
KOR,2021-11,107.99,Nov 2021
KOR,2021-12,108.06,Dec 2021
KOR,2022-01,108.99,Jan 2022
KOR,2022-02,109.25,Feb 2022
KOR,2022-03,110.62,Mar 2022
KOR,2022-04,111.66,Apr 2022
KOR,2022-05,112.91,May 2022
KOR,2022-06,113.64,Jun 2022
KOR,2022-07,114.34,Jul 2022
KOR,2022-08,114.28,Aug 2022
KOR,2022-09,115.13,Sep 2022
KOR,2022-10,115.53,Oct 2022
KOR,2022-11,114.18,Nov 2022
KOR,2022-12,113.37,Dec 2022
USA,1947-01,13.20495,Jan 1947
USA,1947-02,13.25653,Feb 1947
USA,1947-03,13.41128,Mar 1947
USA,1947-04,13.3597,Apr 1947
USA,1947-05,13.3597,May 1947
USA,1947-06,13.3597,Jun 1947
USA,1947-07,13.46286,Jul 1947
USA,1947-08,13.61761,Aug 1947
USA,1947-09,13.87552,Sep 1947
USA,1947-10,13.9271,Oct 1947
USA,1947-11,14.08184,Nov 1947
USA,1947-12,14.28817,Dec 1947
USA,1948-01,14.4945,Jan 1948
USA,1948-02,14.39133,Feb 1948
USA,1948-03,14.39133,Mar 1948
USA,1948-04,14.44292,Apr 1948
USA,1948-05,14.54608,May 1948
USA,1948-06,14.59766,Jun 1948
USA,1948-07,14.80399,Jul 1948
USA,1948-08,14.95873,Aug 1948
USA,1948-09,14.95873,Sep 1948
USA,1948-10,14.90715,Oct 1948
USA,1948-11,14.80399,Nov 1948
USA,1948-12,14.70083,Dec 1948
USA,1949-01,14.59766,Jan 1949
USA,1949-02,14.44292,Feb 1949
USA,1949-03,14.39133,Mar 1949
USA,1949-04,14.33975,Apr 1949
USA,1949-05,14.23659,May 1949
USA,1949-06,14.18501,Jun 1949
USA,1949-07,14.18501,Jul 1949
USA,1949-08,14.18501,Aug 1949
USA,1949-09,14.23659,Sep 1949
USA,1949-10,14.18501,Oct 1949
USA,1949-11,14.13342,Nov 1949
USA,1949-12,14.03026,Dec 1949
USA,1950-01,14.03026,Jan 1950
USA,1950-02,14.03026,Feb 1950
USA,1950-03,14.03026,Mar 1950
USA,1950-04,14.03026,Apr 1950
USA,1950-05,14.08184,May 1950
USA,1950-06,14.13342,Jun 1950
USA,1950-07,14.44292,Jul 1950
USA,1950-08,14.80399,Aug 1950
USA,1950-09,15.01032,Sep 1950
USA,1950-10,15.0619,Oct 1950
USA,1950-11,15.21664,Nov 1950
USA,1950-12,15.47455,Dec 1950
USA,1951-01,15.73246,Jan 1951
USA,1951-02,15.88721,Feb 1951
USA,1951-03,15.88721,Mar 1951
USA,1951-04,15.88721,Apr 1951
USA,1951-05,15.93879,May 1951
USA,1951-06,15.88721,Jun 1951
USA,1951-07,15.88721,Jul 1951
USA,1951-08,15.88721,Aug 1951
USA,1951-09,15.88721,Sep 1951
USA,1951-10,15.99037,Oct 1951
USA,1951-11,15.99037,Nov 1951
USA,1951-12,15.93879,Dec 1951
USA,1952-01,15.88721,Jan 1952
USA,1952-02,15.83563,Feb 1952
USA,1952-03,15.88721,Mar 1952
USA,1952-04,15.78404,Apr 1952
USA,1952-05,15.78404,May 1952
USA,1952-06,15.73246,Jun 1952
USA,1952-07,15.88721,Jul 1952
USA,1952-08,15.88721,Aug 1952
USA,1952-09,15.88721,Sep 1952
USA,1952-10,15.78404,Oct 1952
USA,1952-11,15.73246,Nov 1952
USA,1952-12,15.57772,Dec 1952
USA,1953-01,15.6293,Jan 1953
USA,1953-02,15.57772,Feb 1953
USA,1953-03,15.57772,Mar 1953
USA,1953-04,15.52613,Apr 1953
USA,1953-05,15.57772,May 1953
USA,1953-06,15.57772,Jun 1953
USA,1953-07,15.73246,Jul 1953
USA,1953-08,15.73246,Aug 1953
USA,1953-09,15.78404,Sep 1953
USA,1953-10,15.73246,Oct 1953
USA,1953-11,15.68088,Nov 1953
USA,1953-12,15.6293,Dec 1953
USA,1954-01,15.73246,Jan 1954
USA,1954-02,15.68088,Feb 1954
USA,1954-03,15.6293,Mar 1954
USA,1954-04,15.73246,Apr 1954
USA,1954-05,15.73246,May 1954
USA,1954-06,15.6293,Jun 1954
USA,1954-07,15.73246,Jul 1954
USA,1954-08,15.73246,Aug 1954
USA,1954-09,15.68088,Sep 1954
USA,1954-10,15.6293,Oct 1954
USA,1954-11,15.68088,Nov 1954
USA,1954-12,15.6293,Dec 1954
USA,1955-01,15.68088,Jan 1955
USA,1955-02,15.73246,Feb 1955
USA,1955-03,15.6293,Mar 1955
USA,1955-04,15.68088,Apr 1955
USA,1955-05,15.6293,May 1955
USA,1955-06,15.68088,Jun 1955
USA,1955-07,15.68088,Jul 1955
USA,1955-08,15.73246,Aug 1955
USA,1955-09,15.78404,Sep 1955
USA,1955-10,15.78404,Oct 1955
USA,1955-11,15.78404,Nov 1955
USA,1955-12,15.78404,Dec 1955
USA,1956-01,15.83563,Jan 1956
USA,1956-02,15.88721,Feb 1956
USA,1956-03,15.93879,Mar 1956
USA,1956-04,15.99037,Apr 1956
USA,1956-05,16.09353,May 1956
USA,1956-06,16.14512,Jun 1956
USA,1956-07,16.14512,Jul 1956
USA,1956-08,16.1967,Aug 1956
USA,1956-09,16.35144,Sep 1956
USA,1956-10,16.40303,Oct 1956
USA,1956-11,16.45461,Nov 1956
USA,1956-12,16.45461,Dec 1956
USA,1957-01,16.55777,Jan 1957
USA,1957-02,16.60935,Feb 1957
USA,1957-03,16.55777,Mar 1957
USA,1957-04,16.66093,Apr 1957
USA,1957-05,16.66093,May 1957
USA,1957-06,16.71252,Jun 1957
USA,1957-07,16.81568,Jul 1957
USA,1957-08,16.81568,Aug 1957
USA,1957-09,16.86726,Sep 1957
USA,1957-10,16.86726,Oct 1957
USA,1957-11,16.97043,Nov 1957
USA,1957-12,17.02201,Dec 1957
USA,1958-01,17.12517,Jan 1958
USA,1958-02,17.12517,Feb 1958
USA,1958-03,17.22834,Mar 1958
USA,1958-04,17.12517,Apr 1958
USA,1958-05,17.12517,May 1958
USA,1958-06,17.12517,Jun 1958
USA,1958-07,17.12517,Jul 1958
USA,1958-08,17.12517,Aug 1958
USA,1958-09,17.12517,Sep 1958
USA,1958-10,17.12517,Oct 1958
USA,1958-11,17.12517,Nov 1958
USA,1958-12,17.07359,Dec 1958
USA,1959-01,17.12517,Jan 1959
USA,1959-02,17.12517,Feb 1959
USA,1959-03,17.12517,Mar 1959
USA,1959-04,17.12517,Apr 1959
USA,1959-05,17.12517,May 1959
USA,1959-06,17.07359,Jun 1959
USA,1959-07,17.07359,Jul 1959
USA,1959-08,17.02201,Aug 1959
USA,1959-09,17.22834,Sep 1959
USA,1959-10,17.07359,Oct 1959
USA,1959-11,17.02201,Nov 1959
USA,1959-12,17.02201,Dec 1959
USA,1960-01,17.12517,Jan 1960
USA,1960-02,17.07359,Feb 1960
USA,1960-03,17.22834,Mar 1960
USA,1960-04,17.22834,Apr 1960
USA,1960-05,17.17675,May 1960
USA,1960-06,17.17675,Jun 1960
USA,1960-07,17.27992,Jul 1960
USA,1960-08,17.22834,Aug 1960
USA,1960-09,17.22834,Sep 1960
USA,1960-10,17.38308,Oct 1960
USA,1960-11,17.38308,Nov 1960
USA,1960-12,17.3315,Dec 1960
USA,1961-01,17.38308,Jan 1961
USA,1961-02,17.38308,Feb 1961
USA,1961-03,17.3315,Mar 1961
USA,1961-04,17.17675,Apr 1961
USA,1961-05,17.12517,May 1961
USA,1961-06,17.12517,Jun 1961
USA,1961-07,17.17675,Jul 1961
USA,1961-08,17.22834,Aug 1961
USA,1961-09,17.17675,Sep 1961
USA,1961-10,17.17675,Oct 1961
USA,1961-11,17.22834,Nov 1961
USA,1961-12,17.22834,Dec 1961
USA,1962-01,17.3315,Jan 1962
USA,1962-02,17.3315,Feb 1962
USA,1962-03,17.27992,Mar 1962
USA,1962-04,17.22834,Apr 1962
USA,1962-05,17.17675,May 1962
USA,1962-06,17.17675,Jun 1962
USA,1962-07,17.22834,Jul 1962
USA,1962-08,17.27992,Aug 1962
USA,1962-09,17.43466,Sep 1962
USA,1962-10,17.3315,Oct 1962
USA,1962-11,17.3315,Nov 1962
USA,1962-12,17.27992,Dec 1962
USA,1963-01,17.27992,Jan 1963
USA,1963-02,17.22834,Feb 1963
USA,1963-03,17.17675,Mar 1963
USA,1963-04,17.12517,Apr 1963
USA,1963-05,17.17675,May 1963
USA,1963-06,17.22834,Jun 1963
USA,1963-07,17.27992,Jul 1963
USA,1963-08,17.22834,Aug 1963
USA,1963-09,17.22834,Sep 1963
USA,1963-10,17.27992,Oct 1963
USA,1963-11,17.27992,Nov 1963
USA,1963-12,17.22834,Dec 1963
USA,1964-01,17.3315,Jan 1964
USA,1964-02,17.27992,Feb 1964
USA,1964-03,17.22834,Mar 1964
USA,1964-04,17.22834,Apr 1964
USA,1964-05,17.22834,May 1964
USA,1964-06,17.27992,Jun 1964
USA,1964-07,17.3315,Jul 1964
USA,1964-08,17.3315,Aug 1964
USA,1964-09,17.3315,Sep 1964
USA,1964-10,17.3315,Oct 1964
USA,1964-11,17.3315,Nov 1964
USA,1964-12,17.3315,Dec 1964
USA,1965-01,17.38308,Jan 1965
USA,1965-02,17.38308,Feb 1965
USA,1965-03,17.38308,Mar 1965
USA,1965-04,17.48624,Apr 1965
USA,1965-05,17.53783,May 1965
USA,1965-06,17.64099,Jun 1965
USA,1965-07,17.64099,Jul 1965
USA,1965-08,17.64099,Aug 1965
USA,1965-09,17.69257,Sep 1965
USA,1965-10,17.74415,Oct 1965
USA,1965-11,17.79574,Nov 1965
USA,1965-12,17.8989,Dec 1965
USA,1966-01,17.95048,Jan 1966
USA,1966-02,18.05364,Feb 1966
USA,1966-03,18.05364,Mar 1966
USA,1966-04,18.05364,Apr 1966
USA,1966-05,18.05364,May 1966
USA,1966-06,18.05364,Jun 1966
USA,1966-07,18.15681,Jul 1966
USA,1966-08,18.25997,Aug 1966
USA,1966-09,18.36314,Sep 1966
USA,1966-10,18.31155,Oct 1966
USA,1966-11,18.31155,Nov 1966
USA,1966-12,18.25997,Dec 1966
USA,1967-01,18.31155,Jan 1967
USA,1967-02,18.25997,Feb 1967
USA,1967-03,18.20839,Mar 1967
USA,1967-04,18.15681,Apr 1967
USA,1967-05,18.25997,May 1967
USA,1967-06,18.41472,Jun 1967
USA,1967-07,18.4663,Jul 1967
USA,1967-08,18.41472,Aug 1967
USA,1967-09,18.4663,Sep 1967
USA,1967-10,18.4663,Oct 1967
USA,1967-11,18.4663,Nov 1967
USA,1967-12,18.56946,Dec 1967
USA,1968-01,18.62105,Jan 1968
USA,1968-02,18.72421,Feb 1968
USA,1968-03,18.72421,Mar 1968
USA,1968-04,18.72421,Apr 1968
USA,1968-05,18.82737,May 1968
USA,1968-06,18.93054,Jun 1968
USA,1968-07,18.98212,Jul 1968
USA,1968-08,18.93054,Aug 1968
USA,1968-09,19.0337,Sep 1968
USA,1968-10,19.0337,Oct 1968
USA,1968-11,19.13686,Nov 1968
USA,1968-12,19.13686,Dec 1968
USA,1969-01,19.24003,Jan 1969
USA,1969-02,19.24003,Feb 1969
USA,1969-03,19.34319,Mar 1969
USA,1969-04,19.34319,Apr 1969
USA,1969-05,19.49794,May 1969
USA,1969-06,19.6011,Jun 1969
USA,1969-07,19.70426,Jul 1969
USA,1969-08,19.65268,Aug 1969
USA,1969-09,19.70426,Sep 1969
USA,1969-10,19.80743,Oct 1969
USA,1969-11,19.96217,Nov 1969
USA,1969-12,20.06534,Dec 1969
USA,1970-01,20.1685,Jan 1970
USA,1970-02,20.1685,Feb 1970
USA,1970-03,20.22008,Mar 1970
USA,1970-04,20.11692,Apr 1970
USA,1970-05,20.1685,May 1970
USA,1970-06,20.22008,Jun 1970
USA,1970-07,20.32325,Jul 1970
USA,1970-08,20.22008,Aug 1970
USA,1970-09,20.32325,Sep 1970
USA,1970-10,20.37483,Oct 1970
USA,1970-11,20.47799,Nov 1970
USA,1970-12,20.47799,Dec 1970
USA,1971-01,20.63274,Jan 1971
USA,1971-02,20.7359,Feb 1971
USA,1971-03,20.78748,Mar 1971
USA,1971-04,20.78748,Apr 1971
USA,1971-05,20.89065,May 1971
USA,1971-06,20.94223,Jun 1971
USA,1971-07,20.94223,Jul 1971
USA,1971-08,20.99381,Aug 1971
USA,1971-09,20.94223,Sep 1971
USA,1971-10,20.94223,Oct 1971
USA,1971-11,20.99381,Nov 1971
USA,1971-12,21.14856,Dec 1971
USA,1972-01,21.25172,Jan 1972
USA,1972-02,21.35488,Feb 1972
USA,1972-03,21.35488,Mar 1972
USA,1972-04,21.3033,Apr 1972
USA,1972-05,21.40647,May 1972
USA,1972-06,21.50963,Jun 1972
USA,1972-07,21.66437,Jul 1972
USA,1972-08,21.66437,Aug 1972
USA,1972-09,21.71596,Sep 1972
USA,1972-10,21.61279,Oct 1972
USA,1972-11,21.76754,Nov 1972
USA,1972-12,21.97387,Dec 1972
USA,1973-01,22.23178,Jan 1973
USA,1973-02,22.54127,Feb 1973
USA,1973-03,22.90234,Mar 1973
USA,1973-04,23.05708,Apr 1973
USA,1973-05,23.21183,May 1973
USA,1973-06,23.41816,Jun 1973
USA,1973-07,23.46974,Jul 1973
USA,1973-08,24.24347,Aug 1973
USA,1973-09,24.1403,Sep 1973
USA,1973-10,24.1403,Oct 1973
USA,1973-11,24.24347,Nov 1973
USA,1973-12,24.55296,Dec 1973
USA,1974-01,25.2751,Jan 1974
USA,1974-02,25.73934,Feb 1974
USA,1974-03,25.89408,Mar 1974
USA,1974-04,26.10041,Apr 1974
USA,1974-05,26.4099,May 1974
USA,1974-06,26.46148,Jun 1974
USA,1974-07,27.23521,Jul 1974
USA,1974-08,27.69945,Aug 1974
USA,1974-09,27.95736,Sep 1974
USA,1974-10,28.52476,Oct 1974
USA,1974-11,28.989,Nov 1974
USA,1974-12,29.04058,Dec 1974
USA,1975-01,29.29849,Jan 1975
USA,1975-02,29.29849,Feb 1975
USA,1975-03,29.19532,Mar 1975
USA,1975-04,29.40165,Apr 1975
USA,1975-05,29.60798,May 1975
USA,1975-06,29.86589,Jun 1975
USA,1975-07,30.22696,Jul 1975
USA,1975-08,30.27854,Aug 1975
USA,1975-09,30.53645,Sep 1975
USA,1975-10,30.89752,Oct 1975
USA,1975-11,30.89752,Nov 1975
USA,1975-12,30.94911,Dec 1975
USA,1976-01,31.00069,Jan 1976
USA,1976-02,30.89752,Feb 1976
USA,1976-03,30.89752,Mar 1976
USA,1976-04,31.10385,Apr 1976
USA,1976-05,31.15543,May 1976
USA,1976-06,31.2586,Jun 1976
USA,1976-07,31.36176,Jul 1976
USA,1976-08,31.31018,Aug 1976
USA,1976-09,31.41334,Sep 1976
USA,1976-10,31.77442,Oct 1976
USA,1976-11,31.87758,Nov 1976
USA,1976-12,32.13549,Dec 1976
USA,1977-01,32.29023,Jan 1977
USA,1977-02,32.59972,Feb 1977
USA,1977-03,32.80605,Mar 1977
USA,1977-04,33.06396,Apr 1977
USA,1977-05,33.32187,May 1977
USA,1977-06,33.37345,Jun 1977
USA,1977-07,33.5282,Jul 1977
USA,1977-08,33.5282,Aug 1977
USA,1977-09,33.68295,Sep 1977
USA,1977-10,34.04402,Oct 1977
USA,1977-11,34.14718,Nov 1977
USA,1977-12,34.30193,Dec 1977
USA,1978-01,34.61142,Jan 1978
USA,1978-02,34.86933,Feb 1978
USA,1978-03,34.97249,Mar 1978
USA,1978-04,35.43673,Apr 1978
USA,1978-05,35.74622,May 1978
USA,1978-06,36.00413,Jun 1978
USA,1978-07,36.31362,Jul 1978
USA,1978-08,36.21045,Aug 1978
USA,1978-09,36.46836,Sep 1978
USA,1978-10,36.9326,Oct 1978
USA,1978-11,37.08735,Nov 1978
USA,1978-12,37.5,Dec 1978
USA,1979-01,38.01582,Jan 1979
USA,1979-02,38.48006,Feb 1979
USA,1979-03,38.73796,Mar 1979
USA,1979-04,39.15062,Apr 1979
USA,1979-05,39.40853,May 1979
USA,1979-06,39.56327,Jun 1979
USA,1979-07,39.97593,Jul 1979
USA,1979-08,40.23384,Aug 1979
USA,1979-09,40.85282,Sep 1979
USA,1979-10,41.52338,Oct 1979
USA,1979-11,41.88446,Nov 1979
USA,1979-12,42.297110000000004,Dec 1979
USA,1980-01,43.07084,Jan 1980
USA,1980-02,43.68982,Feb 1980
USA,1980-03,44.10247,Mar 1980
USA,1980-04,44.51513,Apr 1980
USA,1980-05,44.72146,May 1980
USA,1980-06,45.03095,Jun 1980
USA,1980-07,45.80468,Jul 1980
USA,1980-08,46.21733,Aug 1980
USA,1980-09,46.21733,Sep 1980
USA,1980-10,46.93948,Oct 1980
USA,1980-11,47.09422,Nov 1980
USA,1980-12,47.30055,Dec 1980
USA,1981-01,47.97112,Jan 1981
USA,1981-02,48.38377,Feb 1981
USA,1981-03,48.89959,Mar 1981
USA,1981-04,49.36382,Apr 1981
USA,1981-05,49.57015,May 1981
USA,1981-06,49.7249,Jun 1981
USA,1981-07,49.98281,Jul 1981
USA,1981-08,49.87964,Aug 1981
USA,1981-09,49.87964,Sep 1981
USA,1981-10,50.44704,Oct 1981
USA,1981-11,50.49862,Nov 1981
USA,1981-12,50.65337,Dec 1981
USA,1982-01,51.06602,Jan 1982
USA,1982-02,51.06602,Feb 1982
USA,1982-03,50.96286,Mar 1982
USA,1982-04,50.96286,Apr 1982
USA,1982-05,51.06602,May 1982
USA,1982-06,51.4271,Jun 1982
USA,1982-07,51.78817,Jul 1982
USA,1982-08,51.89133,Aug 1982
USA,1982-09,51.68501,Sep 1982
USA,1982-10,52.20082,Oct 1982
USA,1982-11,52.35557,Nov 1982
USA,1982-12,52.45874,Dec 1982
USA,1983-01,52.20082,Jan 1983
USA,1983-02,52.20082,Feb 1983
USA,1983-03,52.09766,Mar 1983
USA,1983-04,52.04608,Apr 1983
USA,1983-05,52.25241,May 1983
USA,1983-06,52.40715,Jun 1983
USA,1983-07,52.51031,Jul 1983
USA,1983-08,52.61348,Aug 1983
USA,1983-09,52.40715,Sep 1983
USA,1983-10,52.87139,Oct 1983
USA,1983-11,52.71664,Nov 1983
USA,1983-12,52.76823,Dec 1983
USA,1984-01,53.23246,Jan 1984
USA,1984-02,53.43879,Feb 1984
USA,1984-03,53.54195,Mar 1984
USA,1984-04,53.54195,Apr 1984
USA,1984-05,53.49037,May 1984
USA,1984-06,53.49037,Jun 1984
USA,1984-07,53.74828,Jul 1984
USA,1984-08,53.54195,Aug 1984
USA,1984-09,53.23246,Sep 1984
USA,1984-10,53.59354,Oct 1984
USA,1984-11,53.74828,Nov 1984
USA,1984-12,53.64512,Dec 1984
USA,1985-01,53.6967,Jan 1985
USA,1985-02,53.74828,Feb 1985
USA,1985-03,53.6967,Mar 1985
USA,1985-04,53.85144,Apr 1985
USA,1985-05,54.05777,May 1985
USA,1985-06,54.05777,Jun 1985
USA,1985-07,54.21252,Jul 1985
USA,1985-08,53.95461,Aug 1985
USA,1985-09,53.28404,Sep 1985
USA,1985-10,54.16093,Oct 1985
USA,1985-11,54.47042,Nov 1985
USA,1985-12,54.62517,Dec 1985
USA,1986-01,54.41885,Jan 1986
USA,1986-02,53.64512,Feb 1986
USA,1986-03,52.92297,Mar 1986
USA,1986-04,52.76823,Apr 1986
USA,1986-05,53.07772,May 1986
USA,1986-06,53.18088,Jun 1986
USA,1986-07,52.87139,Jul 1986
USA,1986-08,52.97455,Aug 1986
USA,1986-09,52.81981,Sep 1986
USA,1986-10,53.43879,Oct 1986
USA,1986-11,53.43879,Nov 1986
USA,1986-12,53.38721,Dec 1986
USA,1987-01,53.64512,Jan 1987
USA,1987-02,53.6967,Feb 1987
USA,1987-03,53.79986,Mar 1987
USA,1987-04,54.21252,Apr 1987
USA,1987-05,54.36726,May 1987
USA,1987-06,54.41885,Jun 1987
USA,1987-07,54.67675,Jul 1987
USA,1987-08,54.62517,Aug 1987
USA,1987-09,54.52201,Sep 1987
USA,1987-10,54.77992,Oct 1987
USA,1987-11,54.8315,Nov 1987
USA,1987-12,54.57359,Dec 1987
USA,1988-01,54.8315,Jan 1988
USA,1988-02,54.72834,Feb 1988
USA,1988-03,54.8315,Mar 1988
USA,1988-04,55.19257,Apr 1988
USA,1988-05,55.45048,May 1988
USA,1988-06,55.55365,Jun 1988
USA,1988-07,56.01788,Jul 1988
USA,1988-08,56.06946,Aug 1988
USA,1988-09,56.01788,Sep 1988
USA,1988-10,56.43054,Oct 1988
USA,1988-11,56.63686,Nov 1988
USA,1988-12,56.74003,Dec 1988
USA,1989-01,57.30743,Jan 1989
USA,1989-02,57.61692,Feb 1989
USA,1989-03,57.82325,Mar 1989
USA,1989-04,58.28748,Apr 1989
USA,1989-05,58.90646,May 1989
USA,1989-06,58.95805,Jun 1989
USA,1989-07,58.85488,Jul 1989
USA,1989-08,58.49381,Aug 1989
USA,1989-09,58.59697,Sep 1989
USA,1989-10,59.26754,Oct 1989
USA,1989-11,59.26754,Nov 1989
USA,1989-12,59.52545,Dec 1989
USA,1990-01,60.66025,Jan 1990
USA,1990-02,60.55708,Feb 1990
USA,1990-03,60.45392,Mar 1990
USA,1990-04,60.45392,Apr 1990
USA,1990-05,60.71183,May 1990
USA,1990-06,60.76341,Jun 1990
USA,1990-07,60.96974,Jul 1990
USA,1990-08,61.53714,Aug 1990
USA,1990-09,62.10454,Sep 1990
USA,1990-10,63.08459,Oct 1990
USA,1990-11,63.39408,Nov 1990
USA,1990-12,62.92985,Dec 1990
USA,1991-01,63.08459,Jan 1991
USA,1991-02,62.62036,Feb 1991
USA,1991-03,62.36245,Mar 1991
USA,1991-04,62.46561,Apr 1991
USA,1991-05,62.82669,May 1991
USA,1991-06,62.87827,Jun 1991
USA,1991-07,62.72352,Jul 1991
USA,1991-08,62.7751,Aug 1991
USA,1991-09,62.62036,Sep 1991
USA,1991-10,63.03301,Oct 1991
USA,1991-11,63.08459,Nov 1991
USA,1991-12,62.87827,Dec 1991
USA,1992-01,62.82669,Jan 1992
USA,1992-02,62.98143,Feb 1992
USA,1992-03,63.03301,Mar 1992
USA,1992-04,63.13618,Apr 1992
USA,1992-05,63.54883,May 1992
USA,1992-06,63.9099,Jun 1992
USA,1992-07,63.80674,Jul 1992
USA,1992-08,63.75516,Aug 1992
USA,1992-09,63.60041,Sep 1992
USA,1992-10,64.16782,Oct 1992
USA,1992-11,63.96149,Nov 1992
USA,1992-12,63.85832,Dec 1992
USA,1993-01,64.06465,Jan 1993
USA,1993-02,64.2194,Feb 1993
USA,1993-03,64.32256,Mar 1993
USA,1993-04,64.73521,Apr 1993
USA,1993-05,64.88996,May 1993
USA,1993-06,64.73521,Jun 1993
USA,1993-07,64.63205,Jul 1993
USA,1993-08,64.06465,Aug 1993
USA,1993-09,63.85832,Sep 1993
USA,1993-10,64.27097,Oct 1993
USA,1993-11,64.2194,Nov 1993
USA,1993-12,64.01307,Dec 1993
USA,1994-01,64.2194,Jan 1994
USA,1994-02,64.37414,Feb 1994
USA,1994-03,64.42572,Mar 1994
USA,1994-04,64.4773,Apr 1994
USA,1994-05,64.63205,May 1994
USA,1994-06,64.7868,Jun 1994
USA,1994-07,64.99313,Jul 1994
USA,1994-08,65.25103,Aug 1994
USA,1994-09,64.7868,Sep 1994
USA,1994-10,64.88996,Oct 1994
USA,1994-11,65.0447,Nov 1994
USA,1994-12,65.09628,Dec 1994
USA,1995-01,65.30261,Jan 1995
USA,1995-02,65.45736,Feb 1995
USA,1995-03,65.56052,Mar 1995
USA,1995-04,65.81844,Apr 1995
USA,1995-05,66.07634,May 1995
USA,1995-06,66.12792,Jun 1995
USA,1995-07,66.12792,Jul 1995
USA,1995-08,66.07634,Aug 1995
USA,1995-09,65.97318,Sep 1995
USA,1995-10,66.38583,Oct 1995
USA,1995-11,66.38583,Nov 1995
USA,1995-12,66.59216,Dec 1995
USA,1996-01,66.7469,Jan 1996
USA,1996-02,66.7469,Feb 1996
USA,1996-03,67.10798,Mar 1996
USA,1996-04,67.36589,Apr 1996
USA,1996-05,67.62379,May 1996
USA,1996-06,67.93329,Jun 1996
USA,1996-07,67.83012,Jul 1996
USA,1996-08,68.03645,Aug 1996
USA,1996-09,67.98487,Sep 1996
USA,1996-10,68.4491,Oct 1996
USA,1996-11,68.39752,Nov 1996
USA,1996-12,68.4491,Dec 1996
USA,1997-01,68.39752,Jan 1997
USA,1997-02,68.1912,Feb 1997
USA,1997-03,68.13962,Mar 1997
USA,1997-04,67.88171,Apr 1997
USA,1997-05,67.88171,May 1997
USA,1997-06,67.88171,Jun 1997
USA,1997-07,67.72696,Jul 1997
USA,1997-08,67.93329,Aug 1997
USA,1997-09,67.98487,Sep 1997
USA,1997-10,68.24277,Oct 1997
USA,1997-11,67.93329,Nov 1997
USA,1997-12,67.62379,Dec 1997
USA,1998-01,67.21114,Jan 1998
USA,1998-02,67.15956,Feb 1998
USA,1998-03,67.10798,Mar 1998
USA,1998-04,67.26273,Apr 1998
USA,1998-05,67.36589,May 1998
USA,1998-06,67.41747,Jun 1998
USA,1998-07,67.57221,Jul 1998
USA,1998-08,67.41747,Aug 1998
USA,1998-09,67.36589,Sep 1998
USA,1998-10,67.77854,Oct 1998
USA,1998-11,67.52063,Nov 1998
USA,1998-12,67.62379,Dec 1998
USA,1999-01,67.77854,Jan 1999
USA,1999-02,67.46905,Feb 1999
USA,1999-03,67.62379,Mar 1999
USA,1999-04,68.03645,Apr 1999
USA,1999-05,68.29436,May 1999
USA,1999-06,68.4491,Jun 1999
USA,1999-07,68.55227,Jul 1999
USA,1999-08,68.96493,Aug 1999
USA,1999-09,69.48074,Sep 1999
USA,1999-10,69.68707,Oct 1999
USA,1999-11,69.58391,Nov 1999
USA,1999-12,69.58391,Dec 1999
USA,2000-01,69.48074,Jan 2000
USA,2000-02,70.15131,Feb 2000
USA,2000-03,70.56396,Mar 2000
USA,2000-04,70.51238,Apr 2000
USA,2000-05,70.82187,May 2000
USA,2000-06,71.49243,Jun 2000
USA,2000-07,71.49243,Jul 2000
USA,2000-08,71.28611,Aug 2000
USA,2000-09,71.90509,Sep 2000
USA,2000-10,72.26616,Oct 2000
USA,2000-11,72.21458,Nov 2000
USA,2000-12,72.05984,Dec 2000
USA,2001-01,72.83356,Jan 2001
USA,2001-02,72.93673,Feb 2001
USA,2001-03,72.67882,Mar 2001
USA,2001-04,73.14305,Apr 2001
USA,2001-05,73.60729,May 2001
USA,2001-06,73.34938,Jun 2001
USA,2001-07,72.47249,Jul 2001
USA,2001-08,72.67882,Aug 2001
USA,2001-09,73.03989,Sep 2001
USA,2001-10,72.05984,Oct 2001
USA,2001-11,71.33769,Nov 2001
USA,2001-12,70.87345,Dec 2001
USA,2002-01,70.87345,Jan 2002
USA,2002-02,71.0282,Feb 2002
USA,2002-03,71.54401,Mar 2002
USA,2002-04,71.5956,Apr 2002
USA,2002-05,71.49243,May 2002
USA,2002-06,71.69876,Jun 2002
USA,2002-07,71.5956,Jul 2002
USA,2002-08,71.5956,Aug 2002
USA,2002-09,71.75034,Sep 2002
USA,2002-10,72.57565,Oct 2002
USA,2002-11,72.05984,Nov 2002
USA,2002-12,71.69876,Dec 2002
USA,2003-01,72.62724,Jan 2003
USA,2003-02,73.40096,Feb 2003
USA,2003-03,74.38102,Mar 2003
USA,2003-04,73.2978,Apr 2003
USA,2003-05,73.24622,May 2003
USA,2003-06,73.76204,Jun 2003
USA,2003-07,73.76204,Jul 2003
USA,2003-08,74.12311,Aug 2003
USA,2003-09,74.27785,Sep 2003
USA,2003-10,75.05158,Oct 2003
USA,2003-11,74.53577,Nov 2003
USA,2003-12,74.53577,Dec 2003
USA,2004-01,75,Jan 2004
USA,2004-02,74.94842,Feb 2004
USA,2004-03,75.46423,Mar 2004
USA,2004-04,75.98006,Apr 2004
USA,2004-05,76.80537,May 2004
USA,2004-06,76.7022,Jun 2004
USA,2004-07,76.59904,Jul 2004
USA,2004-08,76.59904,Aug 2004
USA,2004-09,76.7022,Sep 2004
USA,2004-10,78.4044,Oct 2004
USA,2004-11,78.24966,Nov 2004
USA,2004-12,77.68226,Dec 2004
USA,2005-01,78.09491,Jan 2005
USA,2005-02,78.45599,Feb 2005
USA,2005-03,79.22971,Mar 2005
USA,2005-04,79.64236,Apr 2005
USA,2005-05,79.59078,May 2005
USA,2005-06,79.5392,Jun 2005
USA,2005-07,80.20976,Jul 2005
USA,2005-08,80.62242,Aug 2005
USA,2005-09,81.96355,Sep 2005
USA,2005-10,82.99519,Oct 2005
USA,2005-11,81.65406,Nov 2005
USA,2005-12,81.86038,Dec 2005
USA,2006-01,82.47937,Jan 2006
USA,2006-02,81.49931,Feb 2006
USA,2006-03,82.06671,Mar 2006
USA,2006-04,82.89202,Apr 2006
USA,2006-05,83.14993,May 2006
USA,2006-06,83.45942,Jun 2006
USA,2006-07,83.40784,Jul 2006
USA,2006-08,83.71733,Aug 2006
USA,2006-09,82.68569,Sep 2006
USA,2006-10,81.96355,Oct 2006
USA,2006-11,82.42779,Nov 2006
USA,2006-12,82.78886,Dec 2006
USA,2007-01,82.58253,Jan 2007
USA,2007-02,83.45942,Feb 2007
USA,2007-03,84.64581,Mar 2007
USA,2007-04,85.57428,Apr 2007
USA,2007-05,86.39959,May 2007
USA,2007-06,86.24484,Jun 2007
USA,2007-07,86.91541,Jul 2007
USA,2007-08,85.67744,Aug 2007
USA,2007-09,86.34801,Sep 2007
USA,2007-10,86.96699,Oct 2007
USA,2007-11,88.41128,Nov 2007
USA,2007-12,87.89546,Dec 2007
USA,2008-01,88.72077,Jan 2008
USA,2008-02,88.87552,Feb 2008
USA,2008-03,90.31981,Mar 2008
USA,2008-04,91.04195,Apr 2008
USA,2008-05,92.74416,May 2008
USA,2008-06,94.08528,Jun 2008
USA,2008-07,95.47799,Jul 2008
USA,2008-08,93.98212,Aug 2008
USA,2008-09,93.98212,Sep 2008
USA,2008-10,91.50619,Oct 2008
USA,2008-11,88.72077,Nov 2008
USA,2008-12,87.07015,Dec 2008
USA,2009-01,87.89546,Jan 2009
USA,2009-02,87.63755,Feb 2009
USA,2009-03,87.2249,Mar 2009
USA,2009-04,87.84388,Apr 2009
USA,2009-05,88.25653,May 2009
USA,2009-06,89.90715,Jun 2009
USA,2009-07,88.9271,Jul 2009
USA,2009-08,89.85557,Aug 2009
USA,2009-09,89.33975,Sep 2009
USA,2009-10,89.64925,Oct 2009
USA,2009-11,90.6293,Nov 2009
USA,2009-12,90.78404,Dec 2009
USA,2010-01,91.81568,Jan 2010
USA,2010-02,91.24828,Feb 2010
USA,2010-03,92.38308,Mar 2010
USA,2010-04,92.58941,Apr 2010
USA,2010-05,92.79574,May 2010
USA,2010-06,92.3315,Jun 2010
USA,2010-07,92.58941,Jul 2010
USA,2010-08,92.84732,Aug 2010
USA,2010-09,92.84732,Sep 2010
USA,2010-10,93.4663,Oct 2010
USA,2010-11,93.67263,Nov 2010
USA,2010-12,94.18845,Dec 2010
USA,2011-01,95.1685,Jan 2011
USA,2011-02,96.3033,Feb 2011
USA,2011-03,97.64443,Mar 2011
USA,2011-04,98.83081,Apr 2011
USA,2011-05,99.39821,May 2011
USA,2011-06,98.83081,Jun 2011
USA,2011-07,99.24347,Jul 2011
USA,2011-08,98.93398,Aug 2011
USA,2011-09,99.44979,Sep 2011
USA,2011-10,98.98556,Oct 2011
USA,2011-11,98.98556,Nov 2011
USA,2011-12,98.62448,Dec 2011
USA,2012-01,99.08872,Jan 2012
USA,2012-02,99.55296,Feb 2012
USA,2012-03,100.3267,Mar 2012
USA,2012-04,100.5846,Apr 2012
USA,2012-05,99.96561,May 2012
USA,2012-06,99.50137,Jun 2012
USA,2012-07,99.7077,Jul 2012
USA,2012-08,100.8425,Aug 2012
USA,2012-09,101.5647,Sep 2012
USA,2012-10,101.3067,Oct 2012
USA,2012-11,100.3267,Nov 2012
USA,2012-12,99.96561,Dec 2012
USA,2013-01,100.533,Jan 2013
USA,2013-02,101.3067,Feb 2013
USA,2013-03,101.4615,Mar 2013
USA,2013-04,101.1004,Apr 2013
USA,2013-05,101.5647,May 2013
USA,2013-06,101.771,Jun 2013
USA,2013-07,101.771,Jul 2013
USA,2013-08,102.0805,Aug 2013
USA,2013-09,101.771,Sep 2013
USA,2013-10,101.5647,Oct 2013
USA,2013-11,101.152,Nov 2013
USA,2013-12,101.3583,Dec 2013
USA,2014-01,102.1836,Jan 2014
USA,2014-02,102.5963,Feb 2014
USA,2014-03,103.3184,Mar 2014
USA,2014-04,104.2469,Apr 2014
USA,2014-05,104.0922,May 2014
USA,2014-06,104.6596,Jun 2014
USA,2014-07,104.7111,Jul 2014
USA,2014-08,104.4532,Aug 2014
USA,2014-09,104.0406,Sep 2014
USA,2014-10,103.37,Oct 2014
USA,2014-11,102.2352,Nov 2014
USA,2014-12,100.7909,Dec 2014
USA,2015-01,99.1403,Jan 2015
USA,2015-02,99.34663,Feb 2015
USA,2015-03,99.86245,Mar 2015
USA,2015-04,99.60454,Apr 2015
USA,2015-05,101.1004,May 2015
USA,2015-06,101.9773,Jun 2015
USA,2015-07,101.8226,Jul 2015
USA,2015-08,101.2552,Aug 2015
USA,2015-09,99.75928,Sep 2015
USA,2015-10,99.24347,Oct 2015
USA,2015-11,98.83081,Nov 2015
USA,2015-12,98.05708,Dec 2015
USA,2016-01,97.95392,Jan 2016
USA,2016-02,97.38652,Feb 2016
USA,2016-03,97.59285,Mar 2016
USA,2016-04,98.16025,Apr 2016
USA,2016-05,98.88239,May 2016
USA,2016-06,99.96561,Jun 2016
USA,2016-07,99.81087,Jul 2016
USA,2016-08,99.34663,Aug 2016
USA,2016-09,99.65612,Sep 2016
USA,2016-10,99.91403,Oct 2016
USA,2016-11,99.24347,Nov 2016
USA,2016-12,99.91403,Dec 2016
USA,2017-01,100.7909,Jan 2017
USA,2017-02,101.1004,Feb 2017
USA,2017-03,101.2552,Mar 2017
USA,2017-04,102.132,Apr 2017
USA,2017-05,101.6162,May 2017
USA,2017-06,102.0289,Jun 2017
USA,2017-07,101.9257,Jul 2017
USA,2017-08,102.3384,Aug 2017
USA,2017-09,102.9574,Sep 2017
USA,2017-10,102.8542,Oct 2017
USA,2017-11,103.37,Nov 2017
USA,2017-12,103.1121,Dec 2017
USA,2018-01,103.6795,Jan 2018
USA,2018-02,103.8343,Feb 2018
USA,2018-03,104.2469,Mar 2018
USA,2018-04,104.608,Apr 2018
USA,2018-05,105.7428,May 2018
USA,2018-06,106.207,Jun 2018
USA,2018-07,106.2586,Jul 2018
USA,2018-08,106.1554,Aug 2018
USA,2018-09,106.207,Sep 2018
USA,2018-10,106.6197,Oct 2018
USA,2018-11,105.4333,Nov 2018
USA,2018-12,104.4532,Dec 2018
USA,2019-01,104.0922,Jan 2019
USA,2019-02,104.4016,Feb 2019
USA,2019-03,105.6912,Mar 2019
USA,2019-04,106.826,Apr 2019
USA,2019-05,107.0839,May 2019
USA,2019-06,106.7228,Jun 2019
USA,2019-07,106.9807,Jul 2019
USA,2019-08,106.4649,Aug 2019
USA,2019-09,106.1039,Sep 2019
USA,2019-10,106.4133,Oct 2019
USA,2019-11,106.4649,Nov 2019
USA,2019-12,106.2586,Dec 2019
USA,2020-01,106.6712,Jan 2020
USA,2020-02,105.7428,Feb 2020
USA,2020-03,104.0922,Mar 2020
USA,2020-04,101.152,Apr 2020
USA,2020-05,103.6279,May 2020
USA,2020-06,104.2985,Jun 2020
USA,2020-07,104.8659,Jul 2020
USA,2020-08,104.8143,Aug 2020
USA,2020-09,104.8659,Sep 2020
USA,2020-10,105.1238,Oct 2020
USA,2020-11,105.1238,Nov 2020
USA,2020-12,105.4333,Dec 2020
USA,2021-01,107.0839,Jan 2021
USA,2021-02,108.3735,Feb 2021
USA,2021-03,110.282,Mar 2021
USA,2021-04,110.9525,Apr 2021
USA,2021-05,112.6547,May 2021
USA,2021-06,114.4085,Jun 2021
USA,2021-07,115.26220000000001,Jul 2021
USA,2021-08,116.0334,Aug 2021
USA,2021-09,117.2146,Sep 2021
USA,2021-10,118.4763,Oct 2021
USA,2021-11,119.1345,Nov 2021
USA,2021-12,118.354,Dec 2021
USA,2022-01,120.6711,Jan 2022
USA,2022-02,123.2579,Feb 2022
USA,2022-03,127.1467,Mar 2022
USA,2022-04,128.3258,Apr 2022
USA,2022-05,131.6281,May 2022
USA,2022-06,135.3477,Jun 2022
USA,2022-07,132.931,Jul 2022
USA,2022-08,130.8858,Aug 2022
USA,2022-09,130.7713,Sep 2022
USA,2022-10,131.7947,Oct 2022
USA,2022-11,131.8318,Nov 2022
USA,2022-12,128.9866,Dec 2022
MEX,1981-01,0.09528271,Jan 1981
MEX,1981-02,0.09751995,Feb 1981
MEX,1981-03,0.09911589,Mar 1981
MEX,1981-04,0.09994812,Apr 1981
MEX,1981-05,0.101482,May 1981
MEX,1981-06,0.1028299,Jun 1981
MEX,1981-07,0.1056269,Jul 1981
MEX,1981-08,0.1067659,Aug 1981
MEX,1981-09,0.1088302,Sep 1981
MEX,1981-10,0.1100818,Oct 1981
MEX,1981-11,0.112776,Nov 1981
MEX,1981-12,0.1158063,Dec 1981
MEX,1982-01,0.1221002,Jan 1982
MEX,1982-02,0.1252856,Feb 1982
MEX,1982-03,0.1301729,Mar 1982
MEX,1982-04,0.1413232,Apr 1982
MEX,1982-05,0.1469563,May 1982
MEX,1982-06,0.1515728,Jun 1982
MEX,1982-07,0.1578733,Jul 1982
MEX,1982-08,0.1751381,Aug 1982
MEX,1982-09,0.1851543,Sep 1982
MEX,1982-10,0.1921532,Oct 1982
MEX,1982-11,0.1995095,Nov 1982
MEX,1982-12,0.21462030000000001,Dec 1982
MEX,1983-01,0.2472749,Jan 1983
MEX,1983-02,0.2608582,Feb 1983
MEX,1983-03,0.273722,Mar 1983
MEX,1983-04,0.2916526,Apr 1983
MEX,1983-05,0.3045261,May 1983
MEX,1983-06,0.3167828,Jun 1983
MEX,1983-07,0.3308639,Jul 1983
MEX,1983-08,0.3425315,Aug 1983
MEX,1983-09,0.3493917,Sep 1983
MEX,1983-10,0.3568182,Oct 1983
MEX,1983-11,0.377952,Nov 1983
MEX,1983-12,0.3906591,Dec 1983
MEX,1984-01,0.4289337,Jan 1984
MEX,1984-02,0.4543985,Feb 1984
MEX,1984-03,0.4729328,Mar 1984
MEX,1984-04,0.4910674,Apr 1984
MEX,1984-05,0.5050522,May 1984
MEX,1984-06,0.5272174,Jun 1984
MEX,1984-07,0.5417554,Jul 1984
MEX,1984-08,0.5525059,Aug 1984
MEX,1984-09,0.5712768,Sep 1984
MEX,1984-10,0.595929,Oct 1984
MEX,1984-11,0.6139134,Nov 1984
MEX,1984-12,0.6386781,Dec 1984
MEX,1985-01,0.694379,Jan 1985
MEX,1985-02,0.7141079,Feb 1985
MEX,1985-03,0.7392789,Mar 1985
MEX,1985-04,0.7626712,Apr 1985
MEX,1985-05,0.7834738,May 1985
MEX,1985-06,0.801863,Jun 1985
MEX,1985-07,0.8310875,Jul 1985
MEX,1985-08,0.8698452,Aug 1985
MEX,1985-09,0.8933843,Sep 1985
MEX,1985-10,0.9287298,Oct 1985
MEX,1985-11,0.969635,Nov 1985
MEX,1985-12,1.026632,Dec 1985
MEX,1986-01,1.126405,Jan 1986
MEX,1986-02,1.176382,Feb 1986
MEX,1986-03,1.247066,Mar 1986
MEX,1986-04,1.304467,Apr 1986
MEX,1986-05,1.380501,May 1986
MEX,1986-06,1.482427,Jun 1986
MEX,1986-07,1.551775,Jul 1986
MEX,1986-08,1.651012,Aug 1986
MEX,1986-09,1.758801,Sep 1986
MEX,1986-10,1.868382,Oct 1986
MEX,1986-11,2.008987,Nov 1986
MEX,1986-12,2.14654,Dec 1986
MEX,1987-01,2.355213,Jan 1987
MEX,1987-02,2.515932,Feb 1987
MEX,1987-03,2.715153,Mar 1987
MEX,1987-04,2.967267,Apr 1987
MEX,1987-05,3.197036,May 1987
MEX,1987-06,3.442604,Jun 1987
MEX,1987-07,3.764734,Jul 1987
MEX,1987-08,4.065158,Aug 1987
MEX,1987-09,4.398138,Sep 1987
MEX,1987-10,4.794755,Oct 1987
MEX,1987-11,5.134666,Nov 1987
MEX,1987-12,5.795278,Dec 1987
MEX,1988-01,6.877054,Jan 1988
MEX,1988-02,7.309119,Feb 1988
MEX,1988-03,7.498858,Mar 1988
MEX,1988-04,7.622411,Apr 1988
MEX,1988-05,7.703864,May 1988
MEX,1988-06,7.833503,Jun 1988
MEX,1988-07,7.965822,Jul 1988
MEX,1988-08,7.969347,Aug 1988
MEX,1988-09,7.920251,Sep 1988
MEX,1988-10,7.913261,Oct 1988
MEX,1988-11,7.996605,Nov 1988
MEX,1988-12,8.082322,Dec 1988
MEX,1989-01,8.189386,Jan 1989
MEX,1989-02,8.23786,Feb 1989
MEX,1989-03,8.286365,Mar 1989
MEX,1989-04,8.381842,Apr 1989
MEX,1989-05,8.475014,May 1989
MEX,1989-06,8.539988,Jun 1989
MEX,1989-07,8.641943,Jul 1989
MEX,1989-08,8.770225,Aug 1989
MEX,1989-09,8.809295,Sep 1989
MEX,1989-10,8.901229,Oct 1989
MEX,1989-11,8.95755,Nov 1989
MEX,1989-12,9.153573,Dec 1989
MEX,1990-01,9.483294,Jan 1990
MEX,1990-02,9.733862,Feb 1990
MEX,1990-03,9.864821,Mar 1990
MEX,1990-04,9.991116,Apr 1990
MEX,1990-05,10.12292,May 1990
MEX,1990-06,10.28735,Jun 1990
MEX,1990-07,10.50809,Jul 1990
MEX,1990-08,10.71535,Aug 1990
MEX,1990-09,10.89869,Sep 1990
MEX,1990-10,11.04381,Oct 1990
MEX,1990-11,11.35282,Nov 1990
MEX,1990-12,11.74786,Dec 1990
MEX,1991-01,12.00485,Jan 1991
MEX,1991-02,12.17699,Feb 1991
MEX,1991-03,12.3221,Mar 1991
MEX,1991-04,12.41418,Apr 1991
MEX,1991-05,12.54476,May 1991
MEX,1991-06,12.70761,Jun 1991
MEX,1991-07,12.8449,Jul 1991
MEX,1991-08,12.92945,Aug 1991
MEX,1991-09,13.03907,Sep 1991
MEX,1991-10,13.16991,Oct 1991
MEX,1991-11,13.2963,Nov 1991
MEX,1991-12,13.49422,Dec 1991
MEX,1992-01,13.68561,Jan 1992
MEX,1992-02,13.8458,Feb 1992
MEX,1992-03,13.99325,Mar 1992
MEX,1992-04,14.13088,Apr 1992
MEX,1992-05,14.21878,May 1992
MEX,1992-06,14.30113,Jun 1992
MEX,1992-07,14.39946,Jul 1992
MEX,1992-08,14.46482,Aug 1992
MEX,1992-09,14.51984,Sep 1992
MEX,1992-10,14.62642,Oct 1992
MEX,1992-11,14.72997,Nov 1992
MEX,1992-12,14.89482,Dec 1992
MEX,1993-01,15.01001,Jan 1993
MEX,1993-02,15.07366,Feb 1993
MEX,1993-03,15.11254,Mar 1993
MEX,1993-04,15.18388,Apr 1993
MEX,1993-05,15.28782,May 1993
MEX,1993-06,15.36612,Jun 1993
MEX,1993-07,15.42592,Jul 1993
MEX,1993-08,15.49893,Aug 1993
MEX,1993-09,15.56614,Sep 1993
MEX,1993-10,15.5975,Oct 1993
MEX,1993-11,15.64996,Nov 1993
MEX,1993-12,15.76729,Dec 1993
MEX,1994-01,15.75215,Jan 1994
MEX,1994-02,15.8158,Feb 1994
MEX,1994-03,15.91455,Mar 1994
MEX,1994-04,16.04104,Apr 1994
MEX,1994-05,16.17552,May 1994
MEX,1994-06,16.31572,Jun 1994
MEX,1994-07,16.42834,Jul 1994
MEX,1994-08,16.44466,Aug 1994
MEX,1994-09,16.55222,Sep 1994
MEX,1994-10,16.65472,Oct 1994
MEX,1994-11,16.76945,Nov 1994
MEX,1994-12,16.99142,Dec 1994
MEX,1995-01,18.08479,Jan 1995
MEX,1995-02,18.84177,Feb 1995
MEX,1995-03,20.0151,Mar 1995
MEX,1995-04,21.55175,Apr 1995
MEX,1995-05,22.28588,May 1995
MEX,1995-06,22.87818,Jun 1995
MEX,1995-07,23.16527,Jul 1995
MEX,1995-08,23.51096,Aug 1995
MEX,1995-09,23.88178,Sep 1995
MEX,1995-10,24.31266,Oct 1995
MEX,1995-11,25.07454,Nov 1995
MEX,1995-12,25.92814,Dec 1995
MEX,1996-01,26.73,Jan 1996
MEX,1996-02,27.33014,Feb 1996
MEX,1996-03,28.01661,Mar 1996
MEX,1996-04,28.87086,Apr 1996
MEX,1996-05,29.20463,May 1996
MEX,1996-06,29.59292,Jun 1996
MEX,1996-07,30.04567,Jul 1996
MEX,1996-08,30.41649,Aug 1996
MEX,1996-09,30.94889,Sep 1996
MEX,1996-10,31.4333,Oct 1996
MEX,1996-11,31.85505,Nov 1996
MEX,1996-12,32.84624,Dec 1996
MEX,1997-01,33.60289,Jan 1997
MEX,1997-02,33.99215,Feb 1997
MEX,1997-03,34.2972,Mar 1997
MEX,1997-04,34.6135,Apr 1997
MEX,1997-05,35.0044,May 1997
MEX,1997-06,35.26488,Jun 1997
MEX,1997-07,35.49159,Jul 1997
MEX,1997-08,35.78211,Aug 1997
MEX,1997-09,36.15129,Sep 1997
MEX,1997-10,36.55394,Oct 1997
MEX,1997-11,37.0377,Nov 1997
MEX,1997-12,37.28448,Dec 1997
MEX,1998-01,38.0413,Jan 1998
MEX,1998-02,38.69252,Feb 1998
MEX,1998-03,39.05109,Mar 1998
MEX,1998-04,39.42681,Apr 1998
MEX,1998-05,39.76368,May 1998
MEX,1998-06,40.21774,Jun 1998
MEX,1998-07,40.58154,Jul 1998
MEX,1998-08,41.05176,Aug 1998
MEX,1998-09,42.04344,Sep 1998
MEX,1998-10,42.58073,Oct 1998
MEX,1998-11,43.05715,Nov 1998
MEX,1998-12,43.84759,Dec 1998
MEX,1999-01,44.95107,Jan 1999
MEX,1999-02,45.46225,Feb 1999
MEX,1999-03,46.03938,Mar 1999
MEX,1999-04,46.45018,Apr 1999
MEX,1999-05,46.81121,May 1999
MEX,1999-06,47.2793,Jun 1999
MEX,1999-07,47.69859,Jul 1999
MEX,1999-08,48.0495,Aug 1999
MEX,1999-09,48.56787,Sep 1999
MEX,1999-10,48.94016,Oct 1999
MEX,1999-11,49.39437,Nov 1999
MEX,1999-12,49.85773,Dec 1999
MEX,2000-01,50.55384,Jan 2000
MEX,2000-02,51.13912,Feb 2000
MEX,2000-03,51.29254,Mar 2000
MEX,2000-04,51.48578,Apr 2000
MEX,2000-05,51.97526,May 2000
MEX,2000-06,52.52708,Jun 2000
MEX,2000-07,52.54389,Jul 2000
MEX,2000-08,52.84143,Aug 2000
MEX,2000-09,53.16932,Sep 2000
MEX,2000-10,53.51876,Oct 2000
MEX,2000-11,53.82576,Nov 2000
MEX,2000-12,53.87505,Dec 2000
MEX,2001-01,54.4543,Jan 2001
MEX,2001-02,54.3815,Feb 2001
MEX,2001-03,54.60233,Mar 2001
MEX,2001-04,54.79378,Apr 2001
MEX,2001-05,55.01183,May 2001
MEX,2001-06,55.10176,Jun 2001
MEX,2001-07,55.01216,Jul 2001
MEX,2001-08,55.31149,Aug 2001
MEX,2001-09,55.74482,Sep 2001
MEX,2001-10,55.82822,Oct 2001
MEX,2001-11,55.82006,Nov 2001
MEX,2001-12,55.85319,Dec 2001
MEX,2002-01,56.33124,Jan 2002
MEX,2002-02,56.38363,Feb 2002
MEX,2002-03,56.86789,Mar 2002
MEX,2002-04,57.30138,Apr 2002
MEX,2002-05,57.65506,May 2002
MEX,2002-06,57.98704,Jun 2002
MEX,2002-07,58.19122,Jul 2002
MEX,2002-08,58.49757,Aug 2002
MEX,2002-09,58.91669,Sep 2002
MEX,2002-10,58.99895,Oct 2002
MEX,2002-11,59.32995,Nov 2002
MEX,2002-12,59.78874,Dec 2002
MEX,2003-01,60.2601,Jan 2003
MEX,2003-02,60.75251,Feb 2003
MEX,2003-03,60.93368,Mar 2003
MEX,2003-04,60.69718,Apr 2003
MEX,2003-05,60.5862,May 2003
MEX,2003-06,60.87149,Jun 2003
MEX,2003-07,60.95196,Jul 2003
MEX,2003-08,61.17311,Aug 2003
MEX,2003-09,61.51782,Sep 2003
MEX,2003-10,61.90251,Oct 2003
MEX,2003-11,62.26141,Nov 2003
MEX,2003-12,62.67826,Dec 2003
MEX,2004-01,62.9741,Jan 2004
MEX,2004-02,63.65416,Feb 2004
MEX,2004-03,64.22265,Mar 2004
MEX,2004-04,64.83565,Apr 2004
MEX,2004-05,65.08824,May 2004
MEX,2004-06,65.3985,Jun 2004
MEX,2004-07,65.71126,Jul 2004
MEX,2004-08,66.05537,Aug 2004
MEX,2004-09,66.34682,Sep 2004
MEX,2004-10,66.65457,Oct 2004
MEX,2004-11,66.84762,Nov 2004
MEX,2004-12,66.79434,Dec 2004
MEX,2005-01,67.07953,Jan 2005
MEX,2005-02,67.41673,Feb 2005
MEX,2005-03,67.76147,Mar 2005
MEX,2005-04,68.01093,Apr 2005
MEX,2005-05,67.98586,May 2005
MEX,2005-06,68.05355,Jun 2005
MEX,2005-07,68.48415,Jul 2005
MEX,2005-08,68.61013,Aug 2005
MEX,2005-09,68.89532,Sep 2005
MEX,2005-10,69.09401,Oct 2005
MEX,2005-11,69.18928,Nov 2005
MEX,2005-12,69.47258,Dec 2005
MEX,2006-01,69.91759,Jan 2006
MEX,2006-02,70.10939,Feb 2006
MEX,2006-03,70.51555,Mar 2006
MEX,2006-04,71.31657,Apr 2006
MEX,2006-05,71.83054,May 2006
MEX,2006-06,72.28872,Jun 2006
MEX,2006-07,72.73373,Jul 2006
MEX,2006-08,72.98758,Aug 2006
MEX,2006-09,73.07345,Sep 2006
MEX,2006-10,73.05214,Oct 2006
MEX,2006-11,73.09914,Nov 2006
MEX,2006-12,73.29157,Dec 2006
MEX,2007-01,73.37431,Jan 2007
MEX,2007-02,73.76353,Feb 2007
MEX,2007-03,74.12206,Mar 2007
MEX,2007-04,74.2775,Apr 2007
MEX,2007-05,74.08445,May 2007
MEX,2007-06,74.58086,Jun 2007
MEX,2007-07,74.97573,Jul 2007
MEX,2007-08,75.37688,Aug 2007
MEX,2007-09,75.76423,Sep 2007
MEX,2007-10,75.96041,Oct 2007
MEX,2007-11,76.40856,Nov 2007
MEX,2007-12,76.5195,Dec 2007
MEX,2008-01,77.00526,Jan 2008
MEX,2008-02,77.53113,Feb 2008
MEX,2008-03,78.26383,Mar 2008
MEX,2008-04,78.73956,Apr 2008
MEX,2008-05,79.20025,May 2008
MEX,2008-06,79.95302,Jun 2008
MEX,2008-07,80.54094,Jul 2008
MEX,2008-08,80.33786,Aug 2008
MEX,2008-09,80.35165,Sep 2008
MEX,2008-10,81.26111,Oct 2008
MEX,2008-11,81.40401,Nov 2008
MEX,2008-12,81.49615,Dec 2008
MEX,2009-01,81.92738,Jan 2009
MEX,2009-02,82.47456,Feb 2009
MEX,2009-03,83.22169,Mar 2009
MEX,2009-04,82.80927,Apr 2009
MEX,2009-05,82.88949,May 2009
MEX,2009-06,83.33388,Jun 2009
MEX,2009-07,83.61343,Jul 2009
MEX,2009-08,83.88795,Aug 2009
MEX,2009-09,84.32671,Sep 2009
MEX,2009-10,84.42386,Oct 2009
MEX,2009-11,84.82249,Nov 2009
MEX,2009-12,85.03685,Dec 2009
MEX,2010-01,85.35588,Jan 2010
MEX,2010-02,85.83725,Feb 2010
MEX,2010-03,86.41702,Mar 2010
MEX,2010-04,86.19702,Apr 2010
MEX,2010-05,86.42266,May 2010
MEX,2010-06,86.56055,Jun 2010
MEX,2010-07,86.95418,Jul 2010
MEX,2010-08,86.95418,Aug 2010
MEX,2010-09,87.15976,Sep 2010
MEX,2010-10,87.22307,Oct 2010
MEX,2010-11,87.63486,Nov 2010
MEX,2010-12,88.34689,Dec 2010
MEX,2011-01,88.59447,Jan 2011
MEX,2011-02,89.16108,Feb 2011
MEX,2011-03,89.94581,Mar 2011
MEX,2011-04,90.2661,Apr 2011
MEX,2011-05,89.98279,May 2011
MEX,2011-06,90.27737,Jun 2011
MEX,2011-07,90.94741,Jul 2011
MEX,2011-08,91.21504,Aug 2011
MEX,2011-09,91.8155,Sep 2011
MEX,2011-10,92.47613,Oct 2011
MEX,2011-11,93.41568,Nov 2011
MEX,2011-12,94.16029,Dec 2011
MEX,2012-01,94.27312,Jan 2012
MEX,2012-02,94.13898,Feb 2012
MEX,2012-03,94.58337,Mar 2012
MEX,2012-04,94.64856,Apr 2012
MEX,2012-05,94.96884,May 2012
MEX,2012-06,95.24588,Jun 2012
MEX,2012-07,95.0159,Jul 2012
MEX,2012-08,95.24187,Aug 2012
MEX,2012-09,95.47878,Sep 2012
MEX,2012-10,95.33576,Oct 2012
MEX,2012-11,95.38266,Nov 2012
MEX,2012-12,95.10667,Dec 2012
MEX,2013-01,95.39217,Jan 2013
MEX,2013-02,96.03347,Feb 2013
MEX,2013-03,96.00694,Mar 2013
MEX,2013-04,95.40926,Apr 2013
MEX,2013-05,95.2181,May 2013
MEX,2013-06,95.84446,Jun 2013
MEX,2013-07,95.80498,Jul 2013
MEX,2013-08,95.87054,Aug 2013
MEX,2013-09,96.34177,Sep 2013
MEX,2013-10,96.14328,Oct 2013
MEX,2013-11,96.18032,Nov 2013
MEX,2013-12,96.50552,Dec 2013
MEX,2014-01,96.84765,Jan 2014
MEX,2014-02,97.51385,Feb 2014
MEX,2014-03,97.6164,Mar 2014
MEX,2014-04,97.67056,Apr 2014
MEX,2014-05,97.69527,May 2014
MEX,2014-06,97.73014,Jun 2014
MEX,2014-07,97.89492,Jul 2014
MEX,2014-08,98.05116,Aug 2014
MEX,2014-09,98.07162,Sep 2014
MEX,2014-10,97.87069,Oct 2014
MEX,2014-11,98.00078,Nov 2014
MEX,2014-12,98.22988,Dec 2014
MEX,2015-01,97.806,Jan 2015
MEX,2015-02,98.52068,Feb 2015
MEX,2015-03,99.30257,Mar 2015
MEX,2015-04,99.57376,Apr 2015
MEX,2015-05,99.65246,May 2015
MEX,2015-06,100.0865,Jun 2015
MEX,2015-07,100.3276,Jul 2015
MEX,2015-08,100.5179,Aug 2015
MEX,2015-09,100.9596,Sep 2015
MEX,2015-10,101.0055,Oct 2015
MEX,2015-11,101.0414,Nov 2015
MEX,2015-12,101.206,Dec 2015
MEX,2016-01,102.0094,Jan 2016
MEX,2016-02,103.0035,Feb 2016
MEX,2016-03,103.244,Mar 2016
MEX,2016-04,103.526,Apr 2016
MEX,2016-05,104.6361,May 2016
MEX,2016-06,105.8513,Jun 2016
MEX,2016-07,106.1495,Jul 2016
MEX,2016-08,106.2608,Aug 2016
MEX,2016-09,107.4094,Sep 2016
MEX,2016-10,107.8289,Oct 2016
MEX,2016-11,108.966,Nov 2016
MEX,2016-12,110.3766,Dec 2016
MEX,2017-01,112.5031,Jan 2017
MEX,2017-02,112.7483,Feb 2017
MEX,2017-03,112.2471,Mar 2017
MEX,2017-04,111.9879,Apr 2017
MEX,2017-05,112.2359,May 2017
MEX,2017-06,111.6444,Jun 2017
MEX,2017-07,111.6753,Jul 2017
MEX,2017-08,111.9749,Aug 2017
MEX,2017-09,112.3075,Sep 2017
MEX,2017-10,113.6348,Oct 2017
MEX,2017-11,114.9777,Nov 2017
MEX,2017-12,115.5098,Dec 2017
MEX,2018-01,116.4624,Jan 2018
MEX,2018-02,116.5531,Feb 2018
MEX,2018-03,117.1177,Mar 2018
MEX,2018-04,117.0735,Apr 2018
MEX,2018-05,119.0307,May 2018
MEX,2018-06,120.6582,Jun 2018
MEX,2018-07,119.7941,Jul 2018
MEX,2018-08,119.5302,Aug 2018
MEX,2018-09,120.5442,Sep 2018
MEX,2018-10,121.1419,Oct 2018
MEX,2018-11,122.1911,Nov 2018
MEX,2018-12,122.1166,Dec 2018
MEX,2019-01,121.5302,Jan 2019
MEX,2019-02,121.7955,Feb 2019
MEX,2019-03,122.2498,Mar 2019
MEX,2019-04,122.7477,Apr 2019
MEX,2019-05,122.7078,May 2019
MEX,2019-06,123.1981,Jun 2019
MEX,2019-07,123.2671,Jul 2019
MEX,2019-08,122.9492,Aug 2019
MEX,2019-09,123.7733,Sep 2019
MEX,2019-10,123.3965,Oct 2019
MEX,2019-11,123.66,Nov 2019
MEX,2019-12,124.1952,Dec 2019
MEX,2020-01,123.7204,Jan 2020
MEX,2020-02,123.7951,Feb 2020
MEX,2020-03,126.6285,Mar 2020
MEX,2020-04,128.8235,Apr 2020
MEX,2020-05,128.5843,May 2020
MEX,2020-06,128.007,Jun 2020
MEX,2020-07,129.1902,Jul 2020
MEX,2020-08,129.542,Aug 2020
MEX,2020-09,129.1183,Sep 2020
MEX,2020-10,129.2812,Oct 2020
MEX,2020-11,128.8107,Nov 2020
MEX,2020-12,128.8047,Dec 2020
MEX,2021-01,129.9593,Jan 2021
MEX,2021-02,131.3145,Feb 2021
MEX,2021-03,133.1563,Mar 2021
MEX,2021-04,133.3628,Apr 2021
MEX,2021-05,134.2595,May 2021
MEX,2021-06,135.3802,Jun 2021
MEX,2021-07,135.9532,Jul 2021
MEX,2021-08,136.3552,Aug 2021
MEX,2021-09,136.8755,Sep 2021
MEX,2021-10,138.2048,Oct 2021
MEX,2021-11,139.5375,Nov 2021
MEX,2021-12,140.6413,Dec 2021
MEX,2022-01,141.305,Jan 2022
MEX,2022-02,142.8356,Feb 2022
MEX,2022-03,145.1827,Mar 2022
MEX,2022-04,146.0326,Apr 2022
MEX,2022-05,146.9361,May 2022
MEX,2022-06,147.8067,Jun 2022
MEX,2022-07,148.5532,Jul 2022
MEX,2022-08,148.2222,Aug 2022
MEX,2022-09,148.1194,Sep 2022
MEX,2022-10,148.1804,Oct 2022
MEX,2022-11,147.9316,Nov 2022
MEX,2022-12,148.1621,Dec 2022
MEX,2023-01,148.8097,Jan 2023
